,data,features_cat,features_num,protected_attributes,p_att_description,target,etas,all_targets,feat_dictionary,feature_bins,greater,k,technique,model,dir_name,model_type,disparate_impact,statistical_parity_difference,equal_opportunity_difference,average_abs_odds_difference,positive_predictive_value,negative_predictive_value,accuracy,selected_features,mixa,mixy,eta
0,<__main__.NamedDataset object at 0x7f76b6b439d0>,"['workclass', 'relationship', 'occupation', 'education']","['hours-per-week', 'capital-gain', 'capital-loss']","['sex', 'race', 'age_bins', 'marital-status']","('age_bins', ['(38.9, 46.2]', '(46.2, 53.5]', '(53.5, 60.8]'])",income-per-year,[20],['income-per-year'],"{'hours-per-week': 5, 'capital-gain': 5, 'capital-loss': 5, 'workclass': 7, 'relationship': 6, 'occupation': 14, 'education': 16}","{'workclass': 7, 'relationship': 6, 'occupation': 14, 'education': 16, 'sex': 2, 'race': 5, 'age_bins': 10, 'marital-status': 7, 'hours-per-week': 5, 'capital-gain': 5, 'capital-loss': 5, 'income-per-year': 2}",False,5,<function maximally_predictive_minimally_demographic at 0x7f76b6b6d120>,<function base_classifier at 0x7f76b6b6d240>,adult_maximally_predictive_minimally_demographic_base_classifier_age_bins_5,base_model,0.4924663564331531,-0.0650684158419034,-0.0312668463611859,0.0325342079209517,0.734860883797054,0.7953017415957877,0.7898577430529963,"filtered_age_bins,capital-loss,capital-gain,occupation,education,income-per-year",0.1298340620683414,0.11268032491576,
0,<__main__.NamedDataset object at 0x7f76b6b439d0>,"['workclass', 'relationship', 'occupation', 'education']","['hours-per-week', 'capital-gain', 'capital-loss']","['sex', 'race', 'age_bins', 'marital-status']","('marital-status', ['Married-civ-spouse'])",income-per-year,[20],['income-per-year'],"{'hours-per-week': 5, 'capital-gain': 5, 'capital-loss': 5, 'workclass': 7, 'relationship': 6, 'occupation': 14, 'education': 16}","{'workclass': 7, 'relationship': 6, 'occupation': 14, 'education': 16, 'sex': 2, 'race': 5, 'age_bins': 10, 'marital-status': 7, 'hours-per-week': 5, 'capital-gain': 5, 'capital-loss': 5, 'income-per-year': 2}",False,5,<function maximally_predictive_minimally_demographic at 0x7f76b6b6d120>,<function base_classifier at 0x7f76b6b6d240>,adult_maximally_predictive_minimally_demographic_base_classifier_marital-status_5,base_model,0.3602280746776159,-0.0869379957739004,0.0713520127544064,0.0476819113565256,0.734860883797054,0.7953017415957877,0.7898577430529963,"filtered_marital-status,capital-gain,education,capital-loss,occupation,income-per-year",0.1024340889775921,0.11268032491576,
0,<__main__.NamedDataset object at 0x7f76b6b439d0>,"['workclass', 'relationship', 'occupation', 'education']","['hours-per-week', 'capital-gain', 'capital-loss']","['sex', 'race', 'age_bins', 'marital-status']","('race', ['White'])",income-per-year,[20],['income-per-year'],"{'hours-per-week': 5, 'capital-gain': 5, 'capital-loss': 5, 'workclass': 7, 'relationship': 6, 'occupation': 14, 'education': 16}","{'workclass': 7, 'relationship': 6, 'occupation': 14, 'education': 16, 'sex': 2, 'race': 5, 'age_bins': 10, 'marital-status': 7, 'hours-per-week': 5, 'capital-gain': 5, 'capital-loss': 5, 'income-per-year': 2}",False,5,<function maximally_predictive_minimally_demographic at 0x7f76b6b6d120>,<function base_classifier at 0x7f76b6b6d240>,adult_maximally_predictive_minimally_demographic_base_classifier_race_5,base_model,0.5585101166779504,-0.0434375756973011,-0.0265992426382317,0.0217187878486505,0.7274900398406374,0.7959714100064977,0.7896366182649075,"filtered_race,capital-gain,capital-loss,relationship,education,income-per-year",0.0342120366433828,0.189795514104859,
0,<__main__.NamedDataset object at 0x7f76b6b439d0>,"['workclass', 'relationship', 'occupation', 'education']","['hours-per-week', 'capital-gain', 'capital-loss']","['sex', 'race', 'age_bins', 'marital-status']","('sex', [1])",income-per-year,[20],['income-per-year'],"{'hours-per-week': 5, 'capital-gain': 5, 'capital-loss': 5, 'workclass': 7, 'relationship': 6, 'occupation': 14, 'education': 16}","{'workclass': 7, 'relationship': 6, 'occupation': 14, 'education': 16, 'sex': 2, 'race': 5, 'age_bins': 10, 'marital-status': 7, 'hours-per-week': 5, 'capital-gain': 5, 'capital-loss': 5, 'income-per-year': 2}",False,5,<function maximally_predictive_minimally_demographic at 0x7f76b6b6d120>,<function base_classifier at 0x7f76b6b6d240>,adult_maximally_predictive_minimally_demographic_base_classifier_sex_5,base_model,0.4445851139204211,-0.0632949718085256,-0.0068192537993556,0.0316474859042628,0.705511811023622,0.7943400829470603,0.7860249133927913,"filtered_sex,capital-gain,education,capital-loss,hours-per-week,income-per-year",0.0363334680638489,0.1035353379263088,
0,<__main__.NamedDataset object at 0x7f76b6b439d0>,"['workclass', 'relationship', 'occupation', 'education']","['hours-per-week', 'capital-gain', 'capital-loss']","['sex', 'race', 'age_bins', 'marital-status']","('age_bins', ['(38.9, 46.2]', '(46.2, 53.5]', '(53.5, 60.8]'])",income-per-year,[20],['income-per-year'],"{'hours-per-week': 5, 'capital-gain': 5, 'capital-loss': 5, 'workclass': 7, 'relationship': 6, 'occupation': 14, 'education': 16}","{'workclass': 7, 'relationship': 6, 'occupation': 14, 'education': 16, 'sex': 2, 'race': 5, 'age_bins': 10, 'marital-status': 7, 'hours-per-week': 5, 'capital-gain': 5, 'capital-loss': 5, 'income-per-year': 2}",False,5,<function maximally_predictive_minimally_demographic at 0x7f76b6b6d120>,<function fair_classifier_adversarial at 0x7f76b6b6d360>,adult_maximally_predictive_minimally_demographic_fair_classifier_adversarial_age_bins_5,fair_model_adversarial,0.541786756238539,-0.0447576910340814,0.0103365764733611,0.0054400627595638,0.8446298227320125,0.7990958121827412,0.8023144394486622,"['filtered_age_bins', 'capital-loss', 'capital-gain', 'occupation', 'education', 'income-per-year']",0.1298340620683414,0.11268032491576,
0,<__main__.NamedDataset object at 0x7f76b6b439d0>,"['workclass', 'relationship', 'occupation', 'education']","['hours-per-week', 'capital-gain', 'capital-loss']","['sex', 'race', 'age_bins', 'marital-status']","('marital-status', ['Married-civ-spouse'])",income-per-year,[20],['income-per-year'],"{'hours-per-week': 5, 'capital-gain': 5, 'capital-loss': 5, 'workclass': 7, 'relationship': 6, 'occupation': 14, 'education': 16}","{'workclass': 7, 'relationship': 6, 'occupation': 14, 'education': 16, 'sex': 2, 'race': 5, 'age_bins': 10, 'marital-status': 7, 'hours-per-week': 5, 'capital-gain': 5, 'capital-loss': 5, 'income-per-year': 2}",False,5,<function maximally_predictive_minimally_demographic at 0x7f76b6b6d120>,<function fair_classifier_adversarial at 0x7f76b6b6d360>,adult_maximally_predictive_minimally_demographic_fair_classifier_adversarial_marital-status_5,fair_model_adversarial,0.8450667358392681,-0.005741919921974,0.2625219192615609,0.1355996907609066,0.8264642082429501,0.7801007172287502,0.7816761258937127,"['filtered_marital-status', 'capital-gain', 'education', 'capital-loss', 'occupation', 'income-per-year']",0.1024340889775921,0.11268032491576,
0,<__main__.NamedDataset object at 0x7f76b6b439d0>,"['workclass', 'relationship', 'occupation', 'education']","['hours-per-week', 'capital-gain', 'capital-loss']","['sex', 'race', 'age_bins', 'marital-status']","('race', ['White'])",income-per-year,[20],['income-per-year'],"{'hours-per-week': 5, 'capital-gain': 5, 'capital-loss': 5, 'workclass': 7, 'relationship': 6, 'occupation': 14, 'education': 16}","{'workclass': 7, 'relationship': 6, 'occupation': 14, 'education': 16, 'sex': 2, 'race': 5, 'age_bins': 10, 'marital-status': 7, 'hours-per-week': 5, 'capital-gain': 5, 'capital-loss': 5, 'income-per-year': 2}",False,5,<function maximally_predictive_minimally_demographic at 0x7f76b6b6d120>,<function fair_classifier_adversarial at 0x7f76b6b6d360>,adult_maximally_predictive_minimally_demographic_fair_classifier_adversarial_race_5,fair_model_adversarial,1.0148142230794297,0.0023537563264563,0.1678044511127782,0.092340558088304,0.7361111111111112,0.840799509073376,0.8241320852067516,"['filtered_race', 'capital-gain', 'capital-loss', 'relationship', 'education', 'income-per-year']",0.0342120366433828,0.189795514104859,
0,<__main__.NamedDataset object at 0x7f76b6b439d0>,"['workclass', 'relationship', 'occupation', 'education']","['hours-per-week', 'capital-gain', 'capital-loss']","['sex', 'race', 'age_bins', 'marital-status']","('sex', [1])",income-per-year,[20],['income-per-year'],"{'hours-per-week': 5, 'capital-gain': 5, 'capital-loss': 5, 'workclass': 7, 'relationship': 6, 'occupation': 14, 'education': 16}","{'workclass': 7, 'relationship': 6, 'occupation': 14, 'education': 16, 'sex': 2, 'race': 5, 'age_bins': 10, 'marital-status': 7, 'hours-per-week': 5, 'capital-gain': 5, 'capital-loss': 5, 'income-per-year': 2}",False,5,<function maximally_predictive_minimally_demographic at 0x7f76b6b6d120>,<function fair_classifier_adversarial at 0x7f76b6b6d360>,adult_maximally_predictive_minimally_demographic_fair_classifier_adversarial_sex_5,fair_model_adversarial,0.5194482089710885,-0.0468066534147086,0.0319324712643678,0.016924164199165,0.8209489704565801,0.8050602409638554,0.8063683938969558,"['filtered_sex', 'capital-gain', 'education', 'capital-loss', 'hours-per-week', 'income-per-year']",0.0363334680638489,0.1035353379263088,
0,<__main__.NamedDataset object at 0x7f76b6b439d0>,"['workclass', 'relationship', 'occupation', 'education']","['hours-per-week', 'capital-gain', 'capital-loss']","['sex', 'race', 'age_bins', 'marital-status']","('age_bins', ['(38.9, 46.2]', '(46.2, 53.5]', '(53.5, 60.8]'])",income-per-year,[20],['income-per-year'],"{'hours-per-week': 5, 'capital-gain': 5, 'capital-loss': 5, 'workclass': 7, 'relationship': 6, 'occupation': 14, 'education': 16}","{'workclass': 7, 'relationship': 6, 'occupation': 14, 'education': 16, 'sex': 2, 'race': 5, 'age_bins': 10, 'marital-status': 7, 'hours-per-week': 5, 'capital-gain': 5, 'capital-loss': 5, 'income-per-year': 2}",False,5,<function maximally_predictive_minimally_demographic at 0x7f76b6b6d120>,<function fair_classifier at 0x7f76b6b6d2d0>,adult_maximally_predictive_minimally_demographic_fair_classifier_age_bins_5,fair_model,0.3203298258776191,-0.0654433058082889,-0.0522834808925968,0.0341772288283599,0.877892030848329,0.7952146375791695,0.7999557750423822,"['filtered_age_bins', 'capital-loss', 'capital-gain', 'occupation', 'education', 'income-per-year']",0.1298340620683414,0.11268032491576,20.0
0,<__main__.NamedDataset object at 0x7f76b6b439d0>,"['workclass', 'relationship', 'occupation', 'education']","['hours-per-week', 'capital-gain', 'capital-loss']","['sex', 'race', 'age_bins', 'marital-status']","('age_bins', ['(38.9, 46.2]', '(46.2, 53.5]', '(53.5, 60.8]'])",income-per-year,[20],['income-per-year'],"{'hours-per-week': 5, 'capital-gain': 5, 'capital-loss': 5, 'workclass': 7, 'relationship': 6, 'occupation': 14, 'education': 16}","{'workclass': 7, 'relationship': 6, 'occupation': 14, 'education': 16, 'sex': 2, 'race': 5, 'age_bins': 10, 'marital-status': 7, 'hours-per-week': 5, 'capital-gain': 5, 'capital-loss': 5, 'income-per-year': 2}",False,5,<function maximally_predictive_minimally_demographic at 0x7f76b6b6d120>,<function fair_classifier_lfr at 0x7f76b6b6c5e0>,adult_maximally_predictive_minimally_demographic_fair_classifier_lfr_age_bins_5,lfr_model,0.4369736503705782,-0.0379994134459733,0.0,0.0189997067229866,1.0,1.0,1.0,"filtered_age_bins,capital-loss,capital-gain,occupation,education,income-per-year",0.1298340620683414,0.11268032491576,
0,<__main__.NamedDataset object at 0x7f76b6b439d0>,"['workclass', 'relationship', 'occupation', 'education']","['hours-per-week', 'capital-gain', 'capital-loss']","['sex', 'race', 'age_bins', 'marital-status']","('marital-status', ['Married-civ-spouse'])",income-per-year,[20],['income-per-year'],"{'hours-per-week': 5, 'capital-gain': 5, 'capital-loss': 5, 'workclass': 7, 'relationship': 6, 'occupation': 14, 'education': 16}","{'workclass': 7, 'relationship': 6, 'occupation': 14, 'education': 16, 'sex': 2, 'race': 5, 'age_bins': 10, 'marital-status': 7, 'hours-per-week': 5, 'capital-gain': 5, 'capital-loss': 5, 'income-per-year': 2}",False,5,<function maximally_predictive_minimally_demographic at 0x7f76b6b6d120>,<function fair_classifier_lfr at 0x7f76b6b6c5e0>,adult_maximally_predictive_minimally_demographic_fair_classifier_lfr_marital-status_5,lfr_model,0.4775721761582381,-0.0592796984443516,0.0,0.0296398492221758,1.0,1.0,1.0,"filtered_marital-status,capital-gain,education,capital-loss,occupation,income-per-year",0.1024340889775921,0.11268032491576,
0,<__main__.NamedDataset object at 0x7f76b6b439d0>,"['workclass', 'relationship', 'occupation', 'education']","['hours-per-week', 'capital-gain', 'capital-loss']","['sex', 'race', 'age_bins', 'marital-status']","('race', ['White'])",income-per-year,[20],['income-per-year'],"{'hours-per-week': 5, 'capital-gain': 5, 'capital-loss': 5, 'workclass': 7, 'relationship': 6, 'occupation': 14, 'education': 16}","{'workclass': 7, 'relationship': 6, 'occupation': 14, 'education': 16, 'sex': 2, 'race': 5, 'age_bins': 10, 'marital-status': 7, 'hours-per-week': 5, 'capital-gain': 5, 'capital-loss': 5, 'income-per-year': 2}",False,5,<function maximally_predictive_minimally_demographic at 0x7f76b6b6d120>,<function fair_classifier_lfr at 0x7f76b6b6c5e0>,adult_maximally_predictive_minimally_demographic_fair_classifier_lfr_race_5,lfr_model,1.0101769046290812,0.0095961644626028,0.0,0.0047980822313014,1.0,1.0,1.0,"filtered_race,capital-gain,capital-loss,relationship,education,income-per-year",0.0342120366433828,0.189795514104859,
0,<__main__.NamedDataset object at 0x7f76b6b439d0>,"['workclass', 'relationship', 'occupation', 'education']","['hours-per-week', 'capital-gain', 'capital-loss']","['sex', 'race', 'age_bins', 'marital-status']","('sex', [1])",income-per-year,[20],['income-per-year'],"{'hours-per-week': 5, 'capital-gain': 5, 'capital-loss': 5, 'workclass': 7, 'relationship': 6, 'occupation': 14, 'education': 16}","{'workclass': 7, 'relationship': 6, 'occupation': 14, 'education': 16, 'sex': 2, 'race': 5, 'age_bins': 10, 'marital-status': 7, 'hours-per-week': 5, 'capital-gain': 5, 'capital-loss': 5, 'income-per-year': 2}",False,5,<function maximally_predictive_minimally_demographic at 0x7f76b6b6d120>,<function fair_classifier_lfr at 0x7f76b6b6c5e0>,adult_maximally_predictive_minimally_demographic_fair_classifier_lfr_sex_5,lfr_model,1.03759198087535,0.0343703996101966,0.0,0.0171851998050982,0.9963367046269014,1.0,0.9966094199159726,"filtered_sex,capital-gain,education,capital-loss,hours-per-week,income-per-year",0.0363334680638489,0.1035353379263088,
0,<__main__.NamedDataset object at 0x7f76b6b439d0>,"['workclass', 'relationship', 'occupation', 'education']","['hours-per-week', 'capital-gain', 'capital-loss']","['sex', 'race', 'age_bins', 'marital-status']","('marital-status', ['Married-civ-spouse'])",income-per-year,[20],['income-per-year'],"{'hours-per-week': 5, 'capital-gain': 5, 'capital-loss': 5, 'workclass': 7, 'relationship': 6, 'occupation': 14, 'education': 16}","{'workclass': 7, 'relationship': 6, 'occupation': 14, 'education': 16, 'sex': 2, 'race': 5, 'age_bins': 10, 'marital-status': 7, 'hours-per-week': 5, 'capital-gain': 5, 'capital-loss': 5, 'income-per-year': 2}",False,5,<function maximally_predictive_minimally_demographic at 0x7f76b6b6d120>,<function fair_classifier at 0x7f76b6b6d2d0>,adult_maximally_predictive_minimally_demographic_fair_classifier_marital-status_5,fair_model,0.262796199834644,-0.029875470357494,0.0678602227593494,0.0349588080605453,0.9697885196374624,0.7725143547899668,0.7773273383946341,"['filtered_marital-status', 'capital-gain', 'education', 'capital-loss', 'occupation', 'income-per-year']",0.1024340889775921,0.11268032491576,20.0
0,<__main__.NamedDataset object at 0x7f76b6b439d0>,"['workclass', 'relationship', 'occupation', 'education']","['hours-per-week', 'capital-gain', 'capital-loss']","['sex', 'race', 'age_bins', 'marital-status']","('race', ['White'])",income-per-year,[20],['income-per-year'],"{'hours-per-week': 5, 'capital-gain': 5, 'capital-loss': 5, 'workclass': 7, 'relationship': 6, 'occupation': 14, 'education': 16}","{'workclass': 7, 'relationship': 6, 'occupation': 14, 'education': 16, 'sex': 2, 'race': 5, 'age_bins': 10, 'marital-status': 7, 'hours-per-week': 5, 'capital-gain': 5, 'capital-loss': 5, 'income-per-year': 2}",False,5,<function maximally_predictive_minimally_demographic at 0x7f76b6b6d120>,<function fair_classifier at 0x7f76b6b6d2d0>,adult_maximally_predictive_minimally_demographic_fair_classifier_race_5,fair_model,0.4592979286225151,-0.0571232674156832,-0.0233485144031488,0.0299138320558434,0.6890566037735849,0.8028916843652998,0.7917741578830987,"['filtered_race', 'capital-gain', 'capital-loss', 'relationship', 'education', 'income-per-year']",0.0342120366433828,0.189795514104859,20.0
0,<__main__.NamedDataset object at 0x7f76b6b439d0>,"['workclass', 'relationship', 'occupation', 'education']","['hours-per-week', 'capital-gain', 'capital-loss']","['sex', 'race', 'age_bins', 'marital-status']","('sex', [1])",income-per-year,[20],['income-per-year'],"{'hours-per-week': 5, 'capital-gain': 5, 'capital-loss': 5, 'workclass': 7, 'relationship': 6, 'occupation': 14, 'education': 16}","{'workclass': 7, 'relationship': 6, 'occupation': 14, 'education': 16, 'sex': 2, 'race': 5, 'age_bins': 10, 'marital-status': 7, 'hours-per-week': 5, 'capital-gain': 5, 'capital-loss': 5, 'income-per-year': 2}",False,5,<function maximally_predictive_minimally_demographic at 0x7f76b6b6d120>,<function fair_classifier at 0x7f76b6b6d2d0>,adult_maximally_predictive_minimally_demographic_fair_classifier_sex_5,fair_model,2.38832078948358,0.0516975916413024,-0.0088475924339819,0.045711698349371,0.4965706447187928,0.7680324038012152,0.7534458612810496,"['filtered_sex', 'capital-gain', 'education', 'capital-loss', 'hours-per-week', 'income-per-year']",0.0363334680638489,0.1035353379263088,20.0
0,<__main__.NamedDataset object at 0x7f76b6b439d0>,"['workclass', 'relationship', 'occupation', 'education']","['hours-per-week', 'capital-gain', 'capital-loss']","['sex', 'race', 'age_bins', 'marital-status']","('age_bins', ['(38.9, 46.2]', '(46.2, 53.5]', '(53.5, 60.8]'])",income-per-year,[20],['income-per-year'],"{'hours-per-week': 5, 'capital-gain': 5, 'capital-loss': 5, 'workclass': 7, 'relationship': 6, 'occupation': 14, 'education': 16}","{'workclass': 7, 'relationship': 6, 'occupation': 14, 'education': 16, 'sex': 2, 'race': 5, 'age_bins': 10, 'marital-status': 7, 'hours-per-week': 5, 'capital-gain': 5, 'capital-loss': 5, 'income-per-year': 2}",False,5,<function sequential_feature_selection_backward at 0x7f76b6b6cf70>,<function base_classifier at 0x7f76b6b6d240>,adult_sequential_feature_selection_backward_base_classifier_age_bins_5,base_model,0.489068716621011,-0.0671416109568543,-0.0181491464510332,0.0335708054784271,0.7590072057646117,0.798912161065108,0.7952384462298223,"filtered_age_bins,workclass,capital-gain,capital-loss,income-per-year",0.0385970113269851,0.0371242256721014,
0,<__main__.NamedDataset object at 0x7f76b6b439d0>,"['workclass', 'relationship', 'occupation', 'education']","['hours-per-week', 'capital-gain', 'capital-loss']","['sex', 'race', 'age_bins', 'marital-status']","('marital-status', ['Married-civ-spouse'])",income-per-year,[20],['income-per-year'],"{'hours-per-week': 5, 'capital-gain': 5, 'capital-loss': 5, 'workclass': 7, 'relationship': 6, 'occupation': 14, 'education': 16}","{'workclass': 7, 'relationship': 6, 'occupation': 14, 'education': 16, 'sex': 2, 'race': 5, 'age_bins': 10, 'marital-status': 7, 'hours-per-week': 5, 'capital-gain': 5, 'capital-loss': 5, 'income-per-year': 2}",False,5,<function sequential_feature_selection_backward at 0x7f76b6b6cf70>,<function base_classifier at 0x7f76b6b6d240>,adult_sequential_feature_selection_backward_base_classifier_marital-status_5,base_model,0.3236020841903195,-0.096763797212605,0.0518933497374843,0.0508565098607174,0.7590072057646117,0.798912161065108,0.7952384462298223,"filtered_marital-status,workclass,capital-gain,capital-loss,income-per-year",0.0281987511003576,0.0371242256721014,
0,<__main__.NamedDataset object at 0x7f76b6b439d0>,"['workclass', 'relationship', 'occupation', 'education']","['hours-per-week', 'capital-gain', 'capital-loss']","['sex', 'race', 'age_bins', 'marital-status']","('race', ['White'])",income-per-year,[20],['income-per-year'],"{'hours-per-week': 5, 'capital-gain': 5, 'capital-loss': 5, 'workclass': 7, 'relationship': 6, 'occupation': 14, 'education': 16}","{'workclass': 7, 'relationship': 6, 'occupation': 14, 'education': 16, 'sex': 2, 'race': 5, 'age_bins': 10, 'marital-status': 7, 'hours-per-week': 5, 'capital-gain': 5, 'capital-loss': 5, 'income-per-year': 2}",False,5,<function sequential_feature_selection_backward at 0x7f76b6b6cf70>,<function base_classifier at 0x7f76b6b6d240>,adult_sequential_feature_selection_backward_base_classifier_race_5,base_model,0.6889645343630533,-0.0299659029900033,0.0223523232822541,0.0149829514950016,0.7012779552715654,0.7931790499390987,0.7846981646642589,"filtered_race,hours-per-week,capital-gain,capital-loss,income-per-year",0.0090437961037511,0.0561549540661727,
0,<__main__.NamedDataset object at 0x7f76b6b439d0>,"['workclass', 'relationship', 'occupation', 'education']","['hours-per-week', 'capital-gain', 'capital-loss']","['sex', 'race', 'age_bins', 'marital-status']","('sex', [1])",income-per-year,[20],['income-per-year'],"{'hours-per-week': 5, 'capital-gain': 5, 'capital-loss': 5, 'workclass': 7, 'relationship': 6, 'occupation': 14, 'education': 16}","{'workclass': 7, 'relationship': 6, 'occupation': 14, 'education': 16, 'sex': 2, 'race': 5, 'age_bins': 10, 'marital-status': 7, 'hours-per-week': 5, 'capital-gain': 5, 'capital-loss': 5, 'income-per-year': 2}",False,5,<function sequential_feature_selection_backward at 0x7f76b6b6cf70>,<function base_classifier at 0x7f76b6b6d240>,adult_sequential_feature_selection_backward_base_classifier_sex_5,base_model,0.5228242642272904,-0.0518905933197699,0.0300670733169713,0.0259452966598849,0.7590072057646117,0.798912161065108,0.7952384462298223,"filtered_sex,workclass,capital-gain,capital-loss,income-per-year",0.0141008841258217,0.0371242256721014,
0,<__main__.NamedDataset object at 0x7f76b6b439d0>,"['workclass', 'relationship', 'occupation', 'education']","['hours-per-week', 'capital-gain', 'capital-loss']","['sex', 'race', 'age_bins', 'marital-status']","('age_bins', ['(38.9, 46.2]', '(46.2, 53.5]', '(53.5, 60.8]'])",income-per-year,[20],['income-per-year'],"{'hours-per-week': 5, 'capital-gain': 5, 'capital-loss': 5, 'workclass': 7, 'relationship': 6, 'occupation': 14, 'education': 16}","{'workclass': 7, 'relationship': 6, 'occupation': 14, 'education': 16, 'sex': 2, 'race': 5, 'age_bins': 10, 'marital-status': 7, 'hours-per-week': 5, 'capital-gain': 5, 'capital-loss': 5, 'income-per-year': 2}",False,5,<function sequential_feature_selection_backward at 0x7f76b6b6cf70>,<function fair_classifier_adversarial at 0x7f76b6b6d360>,adult_sequential_feature_selection_backward_fair_classifier_adversarial_age_bins_5,fair_model_adversarial,0.4023385925247253,-0.0541940739856251,-0.024282040799398,0.0162597910038904,0.8901515151515151,0.791545988258317,0.7973022775853174,"['filtered_age_bins', 'workclass', 'capital-gain', 'capital-loss', 'income-per-year']",0.0385970113269851,0.0371242256721014,
0,<__main__.NamedDataset object at 0x7f76b6b439d0>,"['workclass', 'relationship', 'occupation', 'education']","['hours-per-week', 'capital-gain', 'capital-loss']","['sex', 'race', 'age_bins', 'marital-status']","('marital-status', ['Married-civ-spouse'])",income-per-year,[20],['income-per-year'],"{'hours-per-week': 5, 'capital-gain': 5, 'capital-loss': 5, 'workclass': 7, 'relationship': 6, 'occupation': 14, 'education': 16}","{'workclass': 7, 'relationship': 6, 'occupation': 14, 'education': 16, 'sex': 2, 'race': 5, 'age_bins': 10, 'marital-status': 7, 'hours-per-week': 5, 'capital-gain': 5, 'capital-loss': 5, 'income-per-year': 2}",False,5,<function sequential_feature_selection_backward at 0x7f76b6b6cf70>,<function fair_classifier_adversarial at 0x7f76b6b6d360>,adult_sequential_feature_selection_backward_fair_classifier_adversarial_marital-status_5,fair_model_adversarial,0.4905205905205905,-0.0177547077594598,0.1752517792498648,0.0877036962042618,0.9883720930232558,0.7753913635332376,0.7807916267413577,"['filtered_marital-status', 'workclass', 'capital-gain', 'capital-loss', 'income-per-year']",0.0281987511003576,0.0371242256721014,
0,<__main__.NamedDataset object at 0x7f76b6b439d0>,"['workclass', 'relationship', 'occupation', 'education']","['hours-per-week', 'capital-gain', 'capital-loss']","['sex', 'race', 'age_bins', 'marital-status']","('race', ['White'])",income-per-year,[20],['income-per-year'],"{'hours-per-week': 5, 'capital-gain': 5, 'capital-loss': 5, 'workclass': 7, 'relationship': 6, 'occupation': 14, 'education': 16}","{'workclass': 7, 'relationship': 6, 'occupation': 14, 'education': 16, 'sex': 2, 'race': 5, 'age_bins': 10, 'marital-status': 7, 'hours-per-week': 5, 'capital-gain': 5, 'capital-loss': 5, 'income-per-year': 2}",False,5,<function sequential_feature_selection_backward at 0x7f76b6b6cf70>,<function fair_classifier_adversarial at 0x7f76b6b6d360>,adult_sequential_feature_selection_backward_fair_classifier_adversarial_race_5,fair_model_adversarial,0.8542593555177806,-0.0119475986401337,0.0337390576929582,0.0185005788600053,0.8089990817263545,0.8079019073569482,0.8079899756762733,"['filtered_race', 'hours-per-week', 'capital-gain', 'capital-loss', 'income-per-year']",0.0090437961037511,0.0561549540661727,
0,<__main__.NamedDataset object at 0x7f76b6b439d0>,"['workclass', 'relationship', 'occupation', 'education']","['hours-per-week', 'capital-gain', 'capital-loss']","['sex', 'race', 'age_bins', 'marital-status']","('sex', [1])",income-per-year,[20],['income-per-year'],"{'hours-per-week': 5, 'capital-gain': 5, 'capital-loss': 5, 'workclass': 7, 'relationship': 6, 'occupation': 14, 'education': 16}","{'workclass': 7, 'relationship': 6, 'occupation': 14, 'education': 16, 'sex': 2, 'race': 5, 'age_bins': 10, 'marital-status': 7, 'hours-per-week': 5, 'capital-gain': 5, 'capital-loss': 5, 'income-per-year': 2}",False,5,<function sequential_feature_selection_backward at 0x7f76b6b6cf70>,<function fair_classifier_adversarial at 0x7f76b6b6d360>,adult_sequential_feature_selection_backward_fair_classifier_adversarial_sex_5,fair_model_adversarial,0.4974517437336723,-0.0476770949489789,0.0202680023380035,0.0102068210787376,0.835032437442076,0.803891736066624,0.8063683938969558,"['filtered_sex', 'workclass', 'capital-gain', 'capital-loss', 'income-per-year']",0.0141008841258217,0.0371242256721014,
0,<__main__.NamedDataset object at 0x7f76b6b439d0>,"['workclass', 'relationship', 'occupation', 'education']","['hours-per-week', 'capital-gain', 'capital-loss']","['sex', 'race', 'age_bins', 'marital-status']","('age_bins', ['(38.9, 46.2]', '(46.2, 53.5]', '(53.5, 60.8]'])",income-per-year,[20],['income-per-year'],"{'hours-per-week': 5, 'capital-gain': 5, 'capital-loss': 5, 'workclass': 7, 'relationship': 6, 'occupation': 14, 'education': 16}","{'workclass': 7, 'relationship': 6, 'occupation': 14, 'education': 16, 'sex': 2, 'race': 5, 'age_bins': 10, 'marital-status': 7, 'hours-per-week': 5, 'capital-gain': 5, 'capital-loss': 5, 'income-per-year': 2}",False,5,<function sequential_feature_selection_backward at 0x7f76b6b6cf70>,<function fair_classifier at 0x7f76b6b6d2d0>,adult_sequential_feature_selection_backward_fair_classifier_age_bins_5,fair_model,0.3316798850160634,-0.0571140914590864,-0.0428962849922723,0.0259483591267268,0.9240687679083096,0.784365529567177,0.7915530330950099,"['filtered_age_bins', 'workclass', 'capital-gain', 'capital-loss', 'income-per-year']",0.0385970113269851,0.0371242256721014,20.0
0,<__main__.NamedDataset object at 0x7f76b6b439d0>,"['workclass', 'relationship', 'occupation', 'education']","['hours-per-week', 'capital-gain', 'capital-loss']","['sex', 'race', 'age_bins', 'marital-status']","('age_bins', ['(38.9, 46.2]', '(46.2, 53.5]', '(53.5, 60.8]'])",income-per-year,[20],['income-per-year'],"{'hours-per-week': 5, 'capital-gain': 5, 'capital-loss': 5, 'workclass': 7, 'relationship': 6, 'occupation': 14, 'education': 16}","{'workclass': 7, 'relationship': 6, 'occupation': 14, 'education': 16, 'sex': 2, 'race': 5, 'age_bins': 10, 'marital-status': 7, 'hours-per-week': 5, 'capital-gain': 5, 'capital-loss': 5, 'income-per-year': 2}",False,5,<function sequential_feature_selection_backward at 0x7f76b6b6cf70>,<function fair_classifier_lfr at 0x7f76b6b6c5e0>,adult_sequential_feature_selection_backward_fair_classifier_lfr_age_bins_5,lfr_model,1.0519783467908816,0.0459987047079197,0.0,0.0229993523539598,1.0,1.0,1.0,"filtered_age_bins,workclass,capital-gain,capital-loss,income-per-year",0.0385970113269851,0.0371242256721014,
0,<__main__.NamedDataset object at 0x7f76b6b439d0>,"['workclass', 'relationship', 'occupation', 'education']","['hours-per-week', 'capital-gain', 'capital-loss']","['sex', 'race', 'age_bins', 'marital-status']","('marital-status', ['Married-civ-spouse'])",income-per-year,[20],['income-per-year'],"{'hours-per-week': 5, 'capital-gain': 5, 'capital-loss': 5, 'workclass': 7, 'relationship': 6, 'occupation': 14, 'education': 16}","{'workclass': 7, 'relationship': 6, 'occupation': 14, 'education': 16, 'sex': 2, 'race': 5, 'age_bins': 10, 'marital-status': 7, 'hours-per-week': 5, 'capital-gain': 5, 'capital-loss': 5, 'income-per-year': 2}",False,5,<function sequential_feature_selection_backward at 0x7f76b6b6cf70>,<function fair_classifier_lfr at 0x7f76b6b6c5e0>,adult_sequential_feature_selection_backward_fair_classifier_lfr_marital-status_5,lfr_model,0.2872102474703631,-0.0529416924589541,0.0,0.026470846229477,1.0,1.0,1.0,"filtered_marital-status,workclass,capital-gain,capital-loss,income-per-year",0.0281987511003576,0.0371242256721014,
0,<__main__.NamedDataset object at 0x7f76b6b439d0>,"['workclass', 'relationship', 'occupation', 'education']","['hours-per-week', 'capital-gain', 'capital-loss']","['sex', 'race', 'age_bins', 'marital-status']","('race', ['White'])",income-per-year,[20],['income-per-year'],"{'hours-per-week': 5, 'capital-gain': 5, 'capital-loss': 5, 'workclass': 7, 'relationship': 6, 'occupation': 14, 'education': 16}","{'workclass': 7, 'relationship': 6, 'occupation': 14, 'education': 16, 'sex': 2, 'race': 5, 'age_bins': 10, 'marital-status': 7, 'hours-per-week': 5, 'capital-gain': 5, 'capital-loss': 5, 'income-per-year': 2}",False,5,<function sequential_feature_selection_backward at 0x7f76b6b6cf70>,<function fair_classifier_lfr at 0x7f76b6b6c5e0>,adult_sequential_feature_selection_backward_fair_classifier_lfr_race_5,lfr_model,0.6286522617381346,-0.0085932232148378,0.0,0.0042966116074189,1.0,1.0,1.0,"filtered_race,hours-per-week,capital-gain,capital-loss,income-per-year",0.0090437961037511,0.0561549540661727,
0,<__main__.NamedDataset object at 0x7f76b6b439d0>,"['workclass', 'relationship', 'occupation', 'education']","['hours-per-week', 'capital-gain', 'capital-loss']","['sex', 'race', 'age_bins', 'marital-status']","('sex', [1])",income-per-year,[20],['income-per-year'],"{'hours-per-week': 5, 'capital-gain': 5, 'capital-loss': 5, 'workclass': 7, 'relationship': 6, 'occupation': 14, 'education': 16}","{'workclass': 7, 'relationship': 6, 'occupation': 14, 'education': 16, 'sex': 2, 'race': 5, 'age_bins': 10, 'marital-status': 7, 'hours-per-week': 5, 'capital-gain': 5, 'capital-loss': 5, 'income-per-year': 2}",False,5,<function sequential_feature_selection_backward at 0x7f76b6b6cf70>,<function fair_classifier_lfr at 0x7f76b6b6c5e0>,adult_sequential_feature_selection_backward_fair_classifier_lfr_sex_5,lfr_model,0.4090249510726803,-0.0157404117387038,0.0,0.0078702058693519,1.0,1.0,1.0,"filtered_sex,workclass,capital-gain,capital-loss,income-per-year",0.0141008841258217,0.0371242256721014,
0,<__main__.NamedDataset object at 0x7f76b6b439d0>,"['workclass', 'relationship', 'occupation', 'education']","['hours-per-week', 'capital-gain', 'capital-loss']","['sex', 'race', 'age_bins', 'marital-status']","('marital-status', ['Married-civ-spouse'])",income-per-year,[20],['income-per-year'],"{'hours-per-week': 5, 'capital-gain': 5, 'capital-loss': 5, 'workclass': 7, 'relationship': 6, 'occupation': 14, 'education': 16}","{'workclass': 7, 'relationship': 6, 'occupation': 14, 'education': 16, 'sex': 2, 'race': 5, 'age_bins': 10, 'marital-status': 7, 'hours-per-week': 5, 'capital-gain': 5, 'capital-loss': 5, 'income-per-year': 2}",False,5,<function sequential_feature_selection_backward at 0x7f76b6b6cf70>,<function fair_classifier at 0x7f76b6b6d2d0>,adult_sequential_feature_selection_backward_fair_classifier_marital-status_5,fair_model,0.2821415836937826,-0.0289523639925829,0.0776108726752503,0.0391605098345679,0.9791666666666666,0.777265512810823,0.7822657919952827,"['filtered_marital-status', 'workclass', 'capital-gain', 'capital-loss', 'income-per-year']",0.0281987511003576,0.0371242256721014,20.0
0,<__main__.NamedDataset object at 0x7f76b6b439d0>,"['workclass', 'relationship', 'occupation', 'education']","['hours-per-week', 'capital-gain', 'capital-loss']","['sex', 'race', 'age_bins', 'marital-status']","('race', ['White'])",income-per-year,[20],['income-per-year'],"{'hours-per-week': 5, 'capital-gain': 5, 'capital-loss': 5, 'workclass': 7, 'relationship': 6, 'occupation': 14, 'education': 16}","{'workclass': 7, 'relationship': 6, 'occupation': 14, 'education': 16, 'sex': 2, 'race': 5, 'age_bins': 10, 'marital-status': 7, 'hours-per-week': 5, 'capital-gain': 5, 'capital-loss': 5, 'income-per-year': 2}",False,5,<function sequential_feature_selection_backward at 0x7f76b6b6cf70>,<function fair_classifier at 0x7f76b6b6d2d0>,adult_sequential_feature_selection_backward_fair_classifier_race_5,fair_model,0.4450295695646872,-0.0594458436916325,-0.0613455524474475,0.043595776592628,0.7486950037285608,0.8038606248977589,0.798407901525761,"['filtered_race', 'hours-per-week', 'capital-gain', 'capital-loss', 'income-per-year']",0.0090437961037511,0.0561549540661727,20.0
0,<__main__.NamedDataset object at 0x7f76b6b439d0>,"['workclass', 'relationship', 'occupation', 'education']","['hours-per-week', 'capital-gain', 'capital-loss']","['sex', 'race', 'age_bins', 'marital-status']","('sex', [1])",income-per-year,[20],['income-per-year'],"{'hours-per-week': 5, 'capital-gain': 5, 'capital-loss': 5, 'workclass': 7, 'relationship': 6, 'occupation': 14, 'education': 16}","{'workclass': 7, 'relationship': 6, 'occupation': 14, 'education': 16, 'sex': 2, 'race': 5, 'age_bins': 10, 'marital-status': 7, 'hours-per-week': 5, 'capital-gain': 5, 'capital-loss': 5, 'income-per-year': 2}",False,5,<function sequential_feature_selection_backward at 0x7f76b6b6cf70>,<function fair_classifier at 0x7f76b6b6d2d0>,adult_sequential_feature_selection_backward_fair_classifier_sex_5,fair_model,0.206752047709383,-0.1020126077324114,-0.0919271454704525,0.0721567145082543,0.7027863777089783,0.8060285132382892,0.7961966536448736,"['filtered_sex', 'workclass', 'capital-gain', 'capital-loss', 'income-per-year']",0.0141008841258217,0.0371242256721014,20.0
0,<__main__.NamedDataset object at 0x7f76b6b439d0>,"['workclass', 'relationship', 'occupation', 'education']","['hours-per-week', 'capital-gain', 'capital-loss']","['sex', 'race', 'age_bins', 'marital-status']","('age_bins', ['(38.9, 46.2]', '(46.2, 53.5]', '(53.5, 60.8]'])",income-per-year,[20],['income-per-year'],"{'hours-per-week': 5, 'capital-gain': 5, 'capital-loss': 5, 'workclass': 7, 'relationship': 6, 'occupation': 14, 'education': 16}","{'workclass': 7, 'relationship': 6, 'occupation': 14, 'education': 16, 'sex': 2, 'race': 5, 'age_bins': 10, 'marital-status': 7, 'hours-per-week': 5, 'capital-gain': 5, 'capital-loss': 5, 'income-per-year': 2}",False,5,<function sequential_feature_selection_forward at 0x7f76b6b6ca60>,<function base_classifier at 0x7f76b6b6d240>,adult_sequential_feature_selection_forward_base_classifier_age_bins_5,base_model,0.489068716621011,-0.0671416109568543,-0.0181491464510332,0.0335708054784271,0.7590072057646117,0.798912161065108,0.7952384462298223,"filtered_age_bins,workclass,capital-gain,capital-loss,income-per-year",0.0385970113269851,0.0371242256721014,
0,<__main__.NamedDataset object at 0x7f76b6b439d0>,"['workclass', 'relationship', 'occupation', 'education']","['hours-per-week', 'capital-gain', 'capital-loss']","['sex', 'race', 'age_bins', 'marital-status']","('marital-status', ['Married-civ-spouse'])",income-per-year,[20],['income-per-year'],"{'hours-per-week': 5, 'capital-gain': 5, 'capital-loss': 5, 'workclass': 7, 'relationship': 6, 'occupation': 14, 'education': 16}","{'workclass': 7, 'relationship': 6, 'occupation': 14, 'education': 16, 'sex': 2, 'race': 5, 'age_bins': 10, 'marital-status': 7, 'hours-per-week': 5, 'capital-gain': 5, 'capital-loss': 5, 'income-per-year': 2}",False,5,<function sequential_feature_selection_forward at 0x7f76b6b6ca60>,<function base_classifier at 0x7f76b6b6d240>,adult_sequential_feature_selection_forward_base_classifier_marital-status_5,base_model,0.3236020841903195,-0.096763797212605,0.0518933497374843,0.0508565098607174,0.7590072057646117,0.798912161065108,0.7952384462298223,"filtered_marital-status,workclass,capital-gain,capital-loss,income-per-year",0.0281987511003576,0.0371242256721014,
0,<__main__.NamedDataset object at 0x7f76b6b439d0>,"['workclass', 'relationship', 'occupation', 'education']","['hours-per-week', 'capital-gain', 'capital-loss']","['sex', 'race', 'age_bins', 'marital-status']","('race', ['White'])",income-per-year,[20],['income-per-year'],"{'hours-per-week': 5, 'capital-gain': 5, 'capital-loss': 5, 'workclass': 7, 'relationship': 6, 'occupation': 14, 'education': 16}","{'workclass': 7, 'relationship': 6, 'occupation': 14, 'education': 16, 'sex': 2, 'race': 5, 'age_bins': 10, 'marital-status': 7, 'hours-per-week': 5, 'capital-gain': 5, 'capital-loss': 5, 'income-per-year': 2}",False,5,<function sequential_feature_selection_forward at 0x7f76b6b6ca60>,<function base_classifier at 0x7f76b6b6d240>,adult_sequential_feature_selection_forward_base_classifier_race_5,base_model,0.6889645343630533,-0.0299659029900033,0.0223523232822541,0.0149829514950016,0.7012779552715654,0.7931790499390987,0.7846981646642589,"filtered_race,hours-per-week,capital-gain,capital-loss,income-per-year",0.0090437961037511,0.0561549540661727,
0,<__main__.NamedDataset object at 0x7f76b6b439d0>,"['workclass', 'relationship', 'occupation', 'education']","['hours-per-week', 'capital-gain', 'capital-loss']","['sex', 'race', 'age_bins', 'marital-status']","('sex', [1])",income-per-year,[20],['income-per-year'],"{'hours-per-week': 5, 'capital-gain': 5, 'capital-loss': 5, 'workclass': 7, 'relationship': 6, 'occupation': 14, 'education': 16}","{'workclass': 7, 'relationship': 6, 'occupation': 14, 'education': 16, 'sex': 2, 'race': 5, 'age_bins': 10, 'marital-status': 7, 'hours-per-week': 5, 'capital-gain': 5, 'capital-loss': 5, 'income-per-year': 2}",False,5,<function sequential_feature_selection_forward at 0x7f76b6b6ca60>,<function base_classifier at 0x7f76b6b6d240>,adult_sequential_feature_selection_forward_base_classifier_sex_5,base_model,0.5228242642272904,-0.0518905933197699,0.0300670733169713,0.0259452966598849,0.7590072057646117,0.798912161065108,0.7952384462298223,"filtered_sex,workclass,capital-gain,capital-loss,income-per-year",0.0141008841258217,0.0371242256721014,
0,<__main__.NamedDataset object at 0x7f76b6b439d0>,"['workclass', 'relationship', 'occupation', 'education']","['hours-per-week', 'capital-gain', 'capital-loss']","['sex', 'race', 'age_bins', 'marital-status']","('age_bins', ['(38.9, 46.2]', '(46.2, 53.5]', '(53.5, 60.8]'])",income-per-year,[20],['income-per-year'],"{'hours-per-week': 5, 'capital-gain': 5, 'capital-loss': 5, 'workclass': 7, 'relationship': 6, 'occupation': 14, 'education': 16}","{'workclass': 7, 'relationship': 6, 'occupation': 14, 'education': 16, 'sex': 2, 'race': 5, 'age_bins': 10, 'marital-status': 7, 'hours-per-week': 5, 'capital-gain': 5, 'capital-loss': 5, 'income-per-year': 2}",False,5,<function sequential_feature_selection_forward at 0x7f76b6b6ca60>,<function fair_classifier_adversarial at 0x7f76b6b6d360>,adult_sequential_feature_selection_forward_fair_classifier_adversarial_age_bins_5,fair_model_adversarial,0.5780610896205761,-0.0376826908525461,0.0242848679756262,0.012968124979828,0.8436123348017621,0.7876609526818864,0.7914056165696175,"['filtered_age_bins', 'workclass', 'capital-gain', 'capital-loss', 'income-per-year']",0.0385970113269851,0.0371242256721014,
0,<__main__.NamedDataset object at 0x7f76b6b439d0>,"['workclass', 'relationship', 'occupation', 'education']","['hours-per-week', 'capital-gain', 'capital-loss']","['sex', 'race', 'age_bins', 'marital-status']","('marital-status', ['Married-civ-spouse'])",income-per-year,[20],['income-per-year'],"{'hours-per-week': 5, 'capital-gain': 5, 'capital-loss': 5, 'workclass': 7, 'relationship': 6, 'occupation': 14, 'education': 16}","{'workclass': 7, 'relationship': 6, 'occupation': 14, 'education': 16, 'sex': 2, 'race': 5, 'age_bins': 10, 'marital-status': 7, 'hours-per-week': 5, 'capital-gain': 5, 'capital-loss': 5, 'income-per-year': 2}",False,5,<function sequential_feature_selection_forward at 0x7f76b6b6ca60>,<function fair_classifier_adversarial at 0x7f76b6b6d360>,adult_sequential_feature_selection_forward_fair_classifier_adversarial_marital-status_5,fair_model_adversarial,0.6582776736235301,-0.0118920222818278,0.2020510091425589,0.1021688223513729,0.9457364341085271,0.7650986342943854,0.7702513451757942,"['filtered_marital-status', 'workclass', 'capital-gain', 'capital-loss', 'income-per-year']",0.0281987511003576,0.0371242256721014,
0,<__main__.NamedDataset object at 0x7f76b6b439d0>,"['workclass', 'relationship', 'occupation', 'education']","['hours-per-week', 'capital-gain', 'capital-loss']","['sex', 'race', 'age_bins', 'marital-status']","('race', ['White'])",income-per-year,[20],['income-per-year'],"{'hours-per-week': 5, 'capital-gain': 5, 'capital-loss': 5, 'workclass': 7, 'relationship': 6, 'occupation': 14, 'education': 16}","{'workclass': 7, 'relationship': 6, 'occupation': 14, 'education': 16, 'sex': 2, 'race': 5, 'age_bins': 10, 'marital-status': 7, 'hours-per-week': 5, 'capital-gain': 5, 'capital-loss': 5, 'income-per-year': 2}",False,5,<function sequential_feature_selection_forward at 0x7f76b6b6ca60>,<function fair_classifier_adversarial at 0x7f76b6b6d360>,adult_sequential_feature_selection_forward_fair_classifier_adversarial_race_5,fair_model_adversarial,0.7510154870749667,-0.0181346987760358,0.0351692768739368,0.0195304592479831,0.8417190775681341,0.7999682866883374,0.8029041055502322,"['filtered_race', 'hours-per-week', 'capital-gain', 'capital-loss', 'income-per-year']",0.0090437961037511,0.0561549540661727,
0,<__main__.NamedDataset object at 0x7f76b6b439d0>,"['workclass', 'relationship', 'occupation', 'education']","['hours-per-week', 'capital-gain', 'capital-loss']","['sex', 'race', 'age_bins', 'marital-status']","('sex', [1])",income-per-year,[20],['income-per-year'],"{'hours-per-week': 5, 'capital-gain': 5, 'capital-loss': 5, 'workclass': 7, 'relationship': 6, 'occupation': 14, 'education': 16}","{'workclass': 7, 'relationship': 6, 'occupation': 14, 'education': 16, 'sex': 2, 'race': 5, 'age_bins': 10, 'marital-status': 7, 'hours-per-week': 5, 'capital-gain': 5, 'capital-loss': 5, 'income-per-year': 2}",False,5,<function sequential_feature_selection_forward at 0x7f76b6b6ca60>,<function fair_classifier_adversarial at 0x7f76b6b6d360>,adult_sequential_feature_selection_forward_fair_classifier_adversarial_sex_5,fair_model_adversarial,0.6137540136814184,-0.0274112775529073,0.0589011318777803,0.0320565180053944,0.8836104513064132,0.786090373280943,0.79214269919658,"['filtered_sex', 'workclass', 'capital-gain', 'capital-loss', 'income-per-year']",0.0141008841258217,0.0371242256721014,
0,<__main__.NamedDataset object at 0x7f76b6b439d0>,"['workclass', 'relationship', 'occupation', 'education']","['hours-per-week', 'capital-gain', 'capital-loss']","['sex', 'race', 'age_bins', 'marital-status']","('age_bins', ['(38.9, 46.2]', '(46.2, 53.5]', '(53.5, 60.8]'])",income-per-year,[20],['income-per-year'],"{'hours-per-week': 5, 'capital-gain': 5, 'capital-loss': 5, 'workclass': 7, 'relationship': 6, 'occupation': 14, 'education': 16}","{'workclass': 7, 'relationship': 6, 'occupation': 14, 'education': 16, 'sex': 2, 'race': 5, 'age_bins': 10, 'marital-status': 7, 'hours-per-week': 5, 'capital-gain': 5, 'capital-loss': 5, 'income-per-year': 2}",False,5,<function sequential_feature_selection_forward at 0x7f76b6b6ca60>,<function fair_classifier at 0x7f76b6b6d2d0>,adult_sequential_feature_selection_forward_fair_classifier_age_bins_5,fair_model,0.3455411565704852,-0.0539079106035318,-0.0352317118425994,0.0205371087763753,0.9294117647058824,0.7880034142934741,0.7950910297044299,"['filtered_age_bins', 'workclass', 'capital-gain', 'capital-loss', 'income-per-year']",0.0385970113269851,0.0371242256721014,20.0
0,<__main__.NamedDataset object at 0x7f76b6b439d0>,"['workclass', 'relationship', 'occupation', 'education']","['hours-per-week', 'capital-gain', 'capital-loss']","['sex', 'race', 'age_bins', 'marital-status']","('age_bins', ['(38.9, 46.2]', '(46.2, 53.5]', '(53.5, 60.8]'])",income-per-year,[20],['income-per-year'],"{'hours-per-week': 5, 'capital-gain': 5, 'capital-loss': 5, 'workclass': 7, 'relationship': 6, 'occupation': 14, 'education': 16}","{'workclass': 7, 'relationship': 6, 'occupation': 14, 'education': 16, 'sex': 2, 'race': 5, 'age_bins': 10, 'marital-status': 7, 'hours-per-week': 5, 'capital-gain': 5, 'capital-loss': 5, 'income-per-year': 2}",False,5,<function sequential_feature_selection_forward at 0x7f76b6b6ca60>,<function fair_classifier_lfr at 0x7f76b6b6c5e0>,adult_sequential_feature_selection_forward_fair_classifier_lfr_age_bins_5,lfr_model,0.5468434300997854,-0.0579686758845295,0.0,0.0289843379422647,1.0,1.0,1.0,"filtered_age_bins,workclass,capital-gain,capital-loss,income-per-year",0.0385970113269851,0.0371242256721014,
0,<__main__.NamedDataset object at 0x7f76b6b439d0>,"['workclass', 'relationship', 'occupation', 'education']","['hours-per-week', 'capital-gain', 'capital-loss']","['sex', 'race', 'age_bins', 'marital-status']","('marital-status', ['Married-civ-spouse'])",income-per-year,[20],['income-per-year'],"{'hours-per-week': 5, 'capital-gain': 5, 'capital-loss': 5, 'workclass': 7, 'relationship': 6, 'occupation': 14, 'education': 16}","{'workclass': 7, 'relationship': 6, 'occupation': 14, 'education': 16, 'sex': 2, 'race': 5, 'age_bins': 10, 'marital-status': 7, 'hours-per-week': 5, 'capital-gain': 5, 'capital-loss': 5, 'income-per-year': 2}",False,5,<function sequential_feature_selection_forward at 0x7f76b6b6ca60>,<function fair_classifier_lfr at 0x7f76b6b6c5e0>,adult_sequential_feature_selection_forward_fair_classifier_lfr_marital-status_5,lfr_model,0.2934350837187197,-0.0540320941849241,0.0,0.027016047092462,1.0,1.0,1.0,"filtered_marital-status,workclass,capital-gain,capital-loss,income-per-year",0.0281987511003576,0.0371242256721014,
0,<__main__.NamedDataset object at 0x7f76b6b439d0>,"['workclass', 'relationship', 'occupation', 'education']","['hours-per-week', 'capital-gain', 'capital-loss']","['sex', 'race', 'age_bins', 'marital-status']","('race', ['White'])",income-per-year,[20],['income-per-year'],"{'hours-per-week': 5, 'capital-gain': 5, 'capital-loss': 5, 'workclass': 7, 'relationship': 6, 'occupation': 14, 'education': 16}","{'workclass': 7, 'relationship': 6, 'occupation': 14, 'education': 16, 'sex': 2, 'race': 5, 'age_bins': 10, 'marital-status': 7, 'hours-per-week': 5, 'capital-gain': 5, 'capital-loss': 5, 'income-per-year': 2}",False,5,<function sequential_feature_selection_forward at 0x7f76b6b6ca60>,<function fair_classifier_lfr at 0x7f76b6b6c5e0>,adult_sequential_feature_selection_forward_fair_classifier_lfr_race_5,lfr_model,0.7203431468178791,-0.0179539270565382,0.0173538461538461,0.0089769635282691,0.5190930787589498,0.9799670044779636,0.9514999631458686,"filtered_race,hours-per-week,capital-gain,capital-loss,income-per-year",0.0090437961037511,0.0561549540661727,
0,<__main__.NamedDataset object at 0x7f76b6b439d0>,"['workclass', 'relationship', 'occupation', 'education']","['hours-per-week', 'capital-gain', 'capital-loss']","['sex', 'race', 'age_bins', 'marital-status']","('sex', [1])",income-per-year,[20],['income-per-year'],"{'hours-per-week': 5, 'capital-gain': 5, 'capital-loss': 5, 'workclass': 7, 'relationship': 6, 'occupation': 14, 'education': 16}","{'workclass': 7, 'relationship': 6, 'occupation': 14, 'education': 16, 'sex': 2, 'race': 5, 'age_bins': 10, 'marital-status': 7, 'hours-per-week': 5, 'capital-gain': 5, 'capital-loss': 5, 'income-per-year': 2}",False,5,<function sequential_feature_selection_forward at 0x7f76b6b6ca60>,<function fair_classifier_lfr at 0x7f76b6b6c5e0>,adult_sequential_feature_selection_forward_fair_classifier_lfr_sex_5,lfr_model,0.4820010286469719,-0.0136375084221192,0.0,0.0068187542110596,1.0,1.0,1.0,"filtered_sex,workclass,capital-gain,capital-loss,income-per-year",0.0141008841258217,0.0371242256721014,
0,<__main__.NamedDataset object at 0x7f76b6b439d0>,"['workclass', 'relationship', 'occupation', 'education']","['hours-per-week', 'capital-gain', 'capital-loss']","['sex', 'race', 'age_bins', 'marital-status']","('marital-status', ['Married-civ-spouse'])",income-per-year,[20],['income-per-year'],"{'hours-per-week': 5, 'capital-gain': 5, 'capital-loss': 5, 'workclass': 7, 'relationship': 6, 'occupation': 14, 'education': 16}","{'workclass': 7, 'relationship': 6, 'occupation': 14, 'education': 16, 'sex': 2, 'race': 5, 'age_bins': 10, 'marital-status': 7, 'hours-per-week': 5, 'capital-gain': 5, 'capital-loss': 5, 'income-per-year': 2}",False,5,<function sequential_feature_selection_forward at 0x7f76b6b6ca60>,<function fair_classifier at 0x7f76b6b6d2d0>,adult_sequential_feature_selection_forward_fair_classifier_marital-status_5,fair_model,0.2889324510614833,-0.0281588606422666,0.0732868859687803,0.0369392572130545,0.987987987987988,0.7703642133897537,0.7757057566153166,"['filtered_marital-status', 'workclass', 'capital-gain', 'capital-loss', 'income-per-year']",0.0281987511003576,0.0371242256721014,20.0
0,<__main__.NamedDataset object at 0x7f76b6b439d0>,"['workclass', 'relationship', 'occupation', 'education']","['hours-per-week', 'capital-gain', 'capital-loss']","['sex', 'race', 'age_bins', 'marital-status']","('race', ['White'])",income-per-year,[20],['income-per-year'],"{'hours-per-week': 5, 'capital-gain': 5, 'capital-loss': 5, 'workclass': 7, 'relationship': 6, 'occupation': 14, 'education': 16}","{'workclass': 7, 'relationship': 6, 'occupation': 14, 'education': 16, 'sex': 2, 'race': 5, 'age_bins': 10, 'marital-status': 7, 'hours-per-week': 5, 'capital-gain': 5, 'capital-loss': 5, 'income-per-year': 2}",False,5,<function sequential_feature_selection_forward at 0x7f76b6b6ca60>,<function fair_classifier at 0x7f76b6b6d2d0>,adult_sequential_feature_selection_forward_fair_classifier_race_5,fair_model,0.4217143062985177,-0.0589795095480968,-0.0688918361332154,0.048764640359096,0.7425431711145997,0.8067192711299114,0.8006928576693447,"['filtered_race', 'hours-per-week', 'capital-gain', 'capital-loss', 'income-per-year']",0.0090437961037511,0.0561549540661727,20.0
0,<__main__.NamedDataset object at 0x7f76b6b439d0>,"['workclass', 'relationship', 'occupation', 'education']","['hours-per-week', 'capital-gain', 'capital-loss']","['sex', 'race', 'age_bins', 'marital-status']","('sex', [1])",income-per-year,[20],['income-per-year'],"{'hours-per-week': 5, 'capital-gain': 5, 'capital-loss': 5, 'workclass': 7, 'relationship': 6, 'occupation': 14, 'education': 16}","{'workclass': 7, 'relationship': 6, 'occupation': 14, 'education': 16, 'sex': 2, 'race': 5, 'age_bins': 10, 'marital-status': 7, 'hours-per-week': 5, 'capital-gain': 5, 'capital-loss': 5, 'income-per-year': 2}",False,5,<function sequential_feature_selection_forward at 0x7f76b6b6ca60>,<function fair_classifier at 0x7f76b6b6d2d0>,adult_sequential_feature_selection_forward_fair_classifier_sex_5,fair_model,0.2027074347830534,-0.1008748419470136,-0.109446740297366,0.0778941260210259,0.7241379310344828,0.8075827841510048,0.7997346502542935,"['filtered_sex', 'workclass', 'capital-gain', 'capital-loss', 'income-per-year']",0.0141008841258217,0.0371242256721014,20.0
0,<__main__.NamedDataset object at 0x7f76b6b439d0>,"['workclass', 'relationship', 'occupation', 'education']","['hours-per-week', 'capital-gain', 'capital-loss']","['sex', 'race', 'age_bins', 'marital-status']","('age_bins', ['(38.9, 46.2]', '(46.2, 53.5]', '(53.5, 60.8]'])",income-per-year,[20],['income-per-year'],"{'hours-per-week': 5, 'capital-gain': 5, 'capital-loss': 5, 'workclass': 7, 'relationship': 6, 'occupation': 14, 'education': 16}","{'workclass': 7, 'relationship': 6, 'occupation': 14, 'education': 16, 'sex': 2, 'race': 5, 'age_bins': 10, 'marital-status': 7, 'hours-per-week': 5, 'capital-gain': 5, 'capital-loss': 5, 'income-per-year': 2}",False,5,<function sufficiency_criteria at 0x7f76b6b6d1b0>,<function base_classifier at 0x7f76b6b6d240>,adult_sufficiency_criteria_base_classifier_age_bins_5,base_model,0.5917868566591997,-0.0215155075549994,0.0019407008086253,0.0107577537774997,0.4724264705882353,0.7567380787836904,0.7453379523844623,"filtered_age_bins,workclass,relationship,occupation,education,hours-per-week,income-per-year",0.5578831885109674,0.2479095775062722,
0,<__main__.NamedDataset object at 0x7f76b6b439d0>,"['workclass', 'relationship', 'occupation', 'education']","['hours-per-week', 'capital-gain', 'capital-loss']","['sex', 'race', 'age_bins', 'marital-status']","('marital-status', ['Married-civ-spouse'])",income-per-year,[20],['income-per-year'],"{'hours-per-week': 5, 'capital-gain': 5, 'capital-loss': 5, 'workclass': 7, 'relationship': 6, 'occupation': 14, 'education': 16}","{'workclass': 7, 'relationship': 6, 'occupation': 14, 'education': 16, 'sex': 2, 'race': 5, 'age_bins': 10, 'marital-status': 7, 'hours-per-week': 5, 'capital-gain': 5, 'capital-loss': 5, 'income-per-year': 2}",False,5,<function sufficiency_criteria at 0x7f76b6b6d1b0>,<function base_classifier at 0x7f76b6b6d240>,adult_sufficiency_criteria_base_classifier_marital-status_5,base_model,0.1091782856318938,-0.0673287410734816,-0.0674938585168838,0.0336643705367408,0.4724264705882353,0.7567380787836904,0.7453379523844623,"filtered_marital-status,workclass,relationship,occupation,education,hours-per-week,income-per-year",0.8553021505861227,0.2479095775062722,
0,<__main__.NamedDataset object at 0x7f76b6b439d0>,"['workclass', 'relationship', 'occupation', 'education']","['hours-per-week', 'capital-gain', 'capital-loss']","['sex', 'race', 'age_bins', 'marital-status']","('race', ['White'])",income-per-year,[20],['income-per-year'],"{'hours-per-week': 5, 'capital-gain': 5, 'capital-loss': 5, 'workclass': 7, 'relationship': 6, 'occupation': 14, 'education': 16}","{'workclass': 7, 'relationship': 6, 'occupation': 14, 'education': 16, 'sex': 2, 'race': 5, 'age_bins': 10, 'marital-status': 7, 'hours-per-week': 5, 'capital-gain': 5, 'capital-loss': 5, 'income-per-year': 2}",False,5,<function sufficiency_criteria at 0x7f76b6b6d1b0>,<function base_classifier at 0x7f76b6b6d240>,adult_sufficiency_criteria_base_classifier_race_5,base_model,0.4657032234248272,-0.0230956147773563,-0.0063698273427017,0.0115478073886781,0.4724264705882353,0.7567380787836904,0.7453379523844623,"filtered_race,workclass,relationship,occupation,education,hours-per-week,income-per-year",0.1476518565400656,0.2479095775062722,
0,<__main__.NamedDataset object at 0x7f76b6b439d0>,"['workclass', 'relationship', 'occupation', 'education']","['hours-per-week', 'capital-gain', 'capital-loss']","['sex', 'race', 'age_bins', 'marital-status']","('sex', [1])",income-per-year,[20],['income-per-year'],"{'hours-per-week': 5, 'capital-gain': 5, 'capital-loss': 5, 'workclass': 7, 'relationship': 6, 'occupation': 14, 'education': 16}","{'workclass': 7, 'relationship': 6, 'occupation': 14, 'education': 16, 'sex': 2, 'race': 5, 'age_bins': 10, 'marital-status': 7, 'hours-per-week': 5, 'capital-gain': 5, 'capital-loss': 5, 'income-per-year': 2}",False,5,<function sufficiency_criteria at 0x7f76b6b6d1b0>,<function base_classifier at 0x7f76b6b6d240>,adult_sufficiency_criteria_base_classifier_sex_5,base_model,0.0680732425197083,-0.0533541989345044,-0.0815012751125216,0.0266770994672522,0.4724264705882353,0.7567380787836904,0.7453379523844623,"filtered_sex,workclass,relationship,occupation,education,hours-per-week,income-per-year",0.3809805896306492,0.2479095775062722,
0,<__main__.NamedDataset object at 0x7f76b6b439d0>,"['workclass', 'relationship', 'occupation', 'education']","['hours-per-week', 'capital-gain', 'capital-loss']","['sex', 'race', 'age_bins', 'marital-status']","('age_bins', ['(38.9, 46.2]', '(46.2, 53.5]', '(53.5, 60.8]'])",income-per-year,[20],['income-per-year'],"{'hours-per-week': 5, 'capital-gain': 5, 'capital-loss': 5, 'workclass': 7, 'relationship': 6, 'occupation': 14, 'education': 16}","{'workclass': 7, 'relationship': 6, 'occupation': 14, 'education': 16, 'sex': 2, 'race': 5, 'age_bins': 10, 'marital-status': 7, 'hours-per-week': 5, 'capital-gain': 5, 'capital-loss': 5, 'income-per-year': 2}",False,5,<function sufficiency_criteria at 0x7f76b6b6d1b0>,<function fair_classifier_adversarial at 0x7f76b6b6d360>,adult_sufficiency_criteria_fair_classifier_adversarial_age_bins_5,fair_model_adversarial,1.4259095109887443,0.0500147741599151,0.2991227572646663,0.1743436030273264,0.586,0.8133483184922625,0.7798334193263065,"['filtered_age_bins', 'workclass', 'relationship', 'occupation', 'education', 'hours-per-week', 'income-per-year']",0.5578831885109674,0.2479095775062722,
0,<__main__.NamedDataset object at 0x7f76b6b439d0>,"['workclass', 'relationship', 'occupation', 'education']","['hours-per-week', 'capital-gain', 'capital-loss']","['sex', 'race', 'age_bins', 'marital-status']","('marital-status', ['Married-civ-spouse'])",income-per-year,[20],['income-per-year'],"{'hours-per-week': 5, 'capital-gain': 5, 'capital-loss': 5, 'workclass': 7, 'relationship': 6, 'occupation': 14, 'education': 16}","{'workclass': 7, 'relationship': 6, 'occupation': 14, 'education': 16, 'sex': 2, 'race': 5, 'age_bins': 10, 'marital-status': 7, 'hours-per-week': 5, 'capital-gain': 5, 'capital-loss': 5, 'income-per-year': 2}",False,5,<function sufficiency_criteria at 0x7f76b6b6d1b0>,<function fair_classifier_adversarial at 0x7f76b6b6d360>,adult_sufficiency_criteria_fair_classifier_adversarial_marital-status_5,fair_model_adversarial,1.537352814728458,0.0240390209560786,0.2051896410717038,0.1191107770823147,0.4366197183098591,0.7646644767714688,0.7457802019606398,"['filtered_marital-status', 'workclass', 'relationship', 'occupation', 'education', 'hours-per-week', 'income-per-year']",0.8553021505861227,0.2479095775062722,
0,<__main__.NamedDataset object at 0x7f76b6b439d0>,"['workclass', 'relationship', 'occupation', 'education']","['hours-per-week', 'capital-gain', 'capital-loss']","['sex', 'race', 'age_bins', 'marital-status']","('race', ['White'])",income-per-year,[20],['income-per-year'],"{'hours-per-week': 5, 'capital-gain': 5, 'capital-loss': 5, 'workclass': 7, 'relationship': 6, 'occupation': 14, 'education': 16}","{'workclass': 7, 'relationship': 6, 'occupation': 14, 'education': 16, 'sex': 2, 'race': 5, 'age_bins': 10, 'marital-status': 7, 'hours-per-week': 5, 'capital-gain': 5, 'capital-loss': 5, 'income-per-year': 2}",False,5,<function sufficiency_criteria at 0x7f76b6b6d1b0>,<function fair_classifier_adversarial at 0x7f76b6b6d360>,adult_sufficiency_criteria_fair_classifier_adversarial_race_5,fair_model_adversarial,1.7765751301412191,0.112076114536871,0.3436455226524604,0.2264559053380748,0.6205787781350482,0.8221246707638279,0.7897840347903,"['filtered_race', 'workclass', 'relationship', 'occupation', 'education', 'hours-per-week', 'income-per-year']",0.1476518565400656,0.2479095775062722,
0,<__main__.NamedDataset object at 0x7f76b6b439d0>,"['workclass', 'relationship', 'occupation', 'education']","['hours-per-week', 'capital-gain', 'capital-loss']","['sex', 'race', 'age_bins', 'marital-status']","('sex', [1])",income-per-year,[20],['income-per-year'],"{'hours-per-week': 5, 'capital-gain': 5, 'capital-loss': 5, 'workclass': 7, 'relationship': 6, 'occupation': 14, 'education': 16}","{'workclass': 7, 'relationship': 6, 'occupation': 14, 'education': 16, 'sex': 2, 'race': 5, 'age_bins': 10, 'marital-status': 7, 'hours-per-week': 5, 'capital-gain': 5, 'capital-loss': 5, 'income-per-year': 2}",False,5,<function sufficiency_criteria at 0x7f76b6b6d1b0>,<function fair_classifier_adversarial at 0x7f76b6b6d360>,adult_sufficiency_criteria_fair_classifier_adversarial_sex_5,fair_model_adversarial,3.4760898466992742,0.0891598934808828,0.4874108417264404,0.2673582335065568,0.5643340857787811,0.7744657361406829,0.7607429792879782,"['filtered_sex', 'workclass', 'relationship', 'occupation', 'education', 'hours-per-week', 'income-per-year']",0.3809805896306492,0.2479095775062722,
0,<__main__.NamedDataset object at 0x7f76b6b439d0>,"['workclass', 'relationship', 'occupation', 'education']","['hours-per-week', 'capital-gain', 'capital-loss']","['sex', 'race', 'age_bins', 'marital-status']","('age_bins', ['(38.9, 46.2]', '(46.2, 53.5]', '(53.5, 60.8]'])",income-per-year,[20],['income-per-year'],"{'hours-per-week': 5, 'capital-gain': 5, 'capital-loss': 5, 'workclass': 7, 'relationship': 6, 'occupation': 14, 'education': 16}","{'workclass': 7, 'relationship': 6, 'occupation': 14, 'education': 16, 'sex': 2, 'race': 5, 'age_bins': 10, 'marital-status': 7, 'hours-per-week': 5, 'capital-gain': 5, 'capital-loss': 5, 'income-per-year': 2}",False,5,<function sufficiency_criteria at 0x7f76b6b6d1b0>,<function fair_classifier at 0x7f76b6b6d2d0>,adult_sufficiency_criteria_fair_classifier_age_bins_5,fair_model,,0.0,0.0,0.0,0.0,0.7551411513230634,0.7551411513230634,"['filtered_age_bins', 'workclass', 'relationship', 'occupation', 'education', 'hours-per-week', 'income-per-year']",0.5578831885109674,0.2479095775062722,20.0
0,<__main__.NamedDataset object at 0x7f76b6b439d0>,"['workclass', 'relationship', 'occupation', 'education']","['hours-per-week', 'capital-gain', 'capital-loss']","['sex', 'race', 'age_bins', 'marital-status']","('age_bins', ['(38.9, 46.2]', '(46.2, 53.5]', '(53.5, 60.8]'])",income-per-year,[20],['income-per-year'],"{'hours-per-week': 5, 'capital-gain': 5, 'capital-loss': 5, 'workclass': 7, 'relationship': 6, 'occupation': 14, 'education': 16}","{'workclass': 7, 'relationship': 6, 'occupation': 14, 'education': 16, 'sex': 2, 'race': 5, 'age_bins': 10, 'marital-status': 7, 'hours-per-week': 5, 'capital-gain': 5, 'capital-loss': 5, 'income-per-year': 2}",False,5,<function sufficiency_criteria at 0x7f76b6b6d1b0>,<function fair_classifier_lfr at 0x7f76b6b6c5e0>,adult_sufficiency_criteria_fair_classifier_lfr_age_bins_5,lfr_model,model_failed,model_failed,model_failed,model_failed,model_failed,model_failed,model_failed,model_failed,0.5578831885109674,0.2479095775062722,
0,<__main__.NamedDataset object at 0x7f76b6b439d0>,"['workclass', 'relationship', 'occupation', 'education']","['hours-per-week', 'capital-gain', 'capital-loss']","['sex', 'race', 'age_bins', 'marital-status']","('marital-status', ['Married-civ-spouse'])",income-per-year,[20],['income-per-year'],"{'hours-per-week': 5, 'capital-gain': 5, 'capital-loss': 5, 'workclass': 7, 'relationship': 6, 'occupation': 14, 'education': 16}","{'workclass': 7, 'relationship': 6, 'occupation': 14, 'education': 16, 'sex': 2, 'race': 5, 'age_bins': 10, 'marital-status': 7, 'hours-per-week': 5, 'capital-gain': 5, 'capital-loss': 5, 'income-per-year': 2}",False,5,<function sufficiency_criteria at 0x7f76b6b6d1b0>,<function fair_classifier_lfr at 0x7f76b6b6c5e0>,adult_sufficiency_criteria_fair_classifier_lfr_marital-status_5,lfr_model,model_failed,model_failed,model_failed,model_failed,model_failed,model_failed,model_failed,model_failed,0.8553021505861227,0.2479095775062722,
0,<__main__.NamedDataset object at 0x7f76b6b439d0>,"['workclass', 'relationship', 'occupation', 'education']","['hours-per-week', 'capital-gain', 'capital-loss']","['sex', 'race', 'age_bins', 'marital-status']","('race', ['White'])",income-per-year,[20],['income-per-year'],"{'hours-per-week': 5, 'capital-gain': 5, 'capital-loss': 5, 'workclass': 7, 'relationship': 6, 'occupation': 14, 'education': 16}","{'workclass': 7, 'relationship': 6, 'occupation': 14, 'education': 16, 'sex': 2, 'race': 5, 'age_bins': 10, 'marital-status': 7, 'hours-per-week': 5, 'capital-gain': 5, 'capital-loss': 5, 'income-per-year': 2}",False,5,<function sufficiency_criteria at 0x7f76b6b6d1b0>,<function fair_classifier_lfr at 0x7f76b6b6c5e0>,adult_sufficiency_criteria_fair_classifier_lfr_race_5,lfr_model,0.5611566672738227,-0.0224487706037938,0.0,0.0112243853018969,0.998463901689708,1.0,0.9999262917373036,"filtered_race,workclass,relationship,occupation,education,hours-per-week,income-per-year",0.1476518565400656,0.2479095775062722,
0,<__main__.NamedDataset object at 0x7f76b6b439d0>,"['workclass', 'relationship', 'occupation', 'education']","['hours-per-week', 'capital-gain', 'capital-loss']","['sex', 'race', 'age_bins', 'marital-status']","('sex', [1])",income-per-year,[20],['income-per-year'],"{'hours-per-week': 5, 'capital-gain': 5, 'capital-loss': 5, 'workclass': 7, 'relationship': 6, 'occupation': 14, 'education': 16}","{'workclass': 7, 'relationship': 6, 'occupation': 14, 'education': 16, 'sex': 2, 'race': 5, 'age_bins': 10, 'marital-status': 7, 'hours-per-week': 5, 'capital-gain': 5, 'capital-loss': 5, 'income-per-year': 2}",False,5,<function sufficiency_criteria at 0x7f76b6b6d1b0>,<function fair_classifier_lfr at 0x7f76b6b6c5e0>,adult_sufficiency_criteria_fair_classifier_lfr_sex_5,lfr_model,model_failed,model_failed,model_failed,model_failed,model_failed,model_failed,model_failed,model_failed,0.3809805896306492,0.2479095775062722,
0,<__main__.NamedDataset object at 0x7f76b6b439d0>,"['workclass', 'relationship', 'occupation', 'education']","['hours-per-week', 'capital-gain', 'capital-loss']","['sex', 'race', 'age_bins', 'marital-status']","('marital-status', ['Married-civ-spouse'])",income-per-year,[20],['income-per-year'],"{'hours-per-week': 5, 'capital-gain': 5, 'capital-loss': 5, 'workclass': 7, 'relationship': 6, 'occupation': 14, 'education': 16}","{'workclass': 7, 'relationship': 6, 'occupation': 14, 'education': 16, 'sex': 2, 'race': 5, 'age_bins': 10, 'marital-status': 7, 'hours-per-week': 5, 'capital-gain': 5, 'capital-loss': 5, 'income-per-year': 2}",False,5,<function sufficiency_criteria at 0x7f76b6b6d1b0>,<function fair_classifier at 0x7f76b6b6d2d0>,adult_sufficiency_criteria_fair_classifier_marital-status_5,fair_model,1.5782147816510248,0.0632981436362378,0.0370137008338472,0.0546929518665854,0.2149100257069408,0.7466012734469111,0.6703766492223778,"['filtered_marital-status', 'workclass', 'relationship', 'occupation', 'education', 'hours-per-week', 'income-per-year']",0.8553021505861227,0.2479095775062722,20.0
0,<__main__.NamedDataset object at 0x7f76b6b439d0>,"['workclass', 'relationship', 'occupation', 'education']","['hours-per-week', 'capital-gain', 'capital-loss']","['sex', 'race', 'age_bins', 'marital-status']","('race', ['White'])",income-per-year,[20],['income-per-year'],"{'hours-per-week': 5, 'capital-gain': 5, 'capital-loss': 5, 'workclass': 7, 'relationship': 6, 'occupation': 14, 'education': 16}","{'workclass': 7, 'relationship': 6, 'occupation': 14, 'education': 16, 'sex': 2, 'race': 5, 'age_bins': 10, 'marital-status': 7, 'hours-per-week': 5, 'capital-gain': 5, 'capital-loss': 5, 'income-per-year': 2}",False,5,<function sufficiency_criteria at 0x7f76b6b6d1b0>,<function fair_classifier at 0x7f76b6b6d2d0>,adult_sufficiency_criteria_fair_classifier_race_5,fair_model,0.4136142625607779,-0.0252752473034147,-0.0411680911680911,0.0286870182635654,0.4739776951672863,0.7573106147824085,0.7460750350114248,"['filtered_race', 'workclass', 'relationship', 'occupation', 'education', 'hours-per-week', 'income-per-year']",0.1476518565400656,0.2479095775062722,20.0
0,<__main__.NamedDataset object at 0x7f76b6b439d0>,"['workclass', 'relationship', 'occupation', 'education']","['hours-per-week', 'capital-gain', 'capital-loss']","['sex', 'race', 'age_bins', 'marital-status']","('sex', [1])",income-per-year,[20],['income-per-year'],"{'hours-per-week': 5, 'capital-gain': 5, 'capital-loss': 5, 'workclass': 7, 'relationship': 6, 'occupation': 14, 'education': 16}","{'workclass': 7, 'relationship': 6, 'occupation': 14, 'education': 16, 'sex': 2, 'race': 5, 'age_bins': 10, 'marital-status': 7, 'hours-per-week': 5, 'capital-gain': 5, 'capital-loss': 5, 'income-per-year': 2}",False,5,<function sufficiency_criteria at 0x7f76b6b6d1b0>,<function fair_classifier at 0x7f76b6b6d2d0>,adult_sufficiency_criteria_fair_classifier_sex_5,fair_model,7.640156400040757,0.1607768596318229,0.5705379961181406,0.3431015267346138,0.4042759961127308,0.7621630244058063,0.7350187956069876,"['filtered_sex', 'workclass', 'relationship', 'occupation', 'education', 'hours-per-week', 'income-per-year']",0.3809805896306492,0.2479095775062722,20.0
0,<__main__.NamedDataset object at 0x7f76b6b439d0>,"['workclass', 'relationship', 'occupation', 'education']","['hours-per-week', 'capital-gain', 'capital-loss']","['sex', 'race', 'age_bins', 'marital-status']","('age_bins', ['(38.9, 46.2]', '(46.2, 53.5]', '(53.5, 60.8]'])",income-per-year,[20],['income-per-year'],"{'hours-per-week': 5, 'capital-gain': 5, 'capital-loss': 5, 'workclass': 7, 'relationship': 6, 'occupation': 14, 'education': 16}","{'workclass': 7, 'relationship': 6, 'occupation': 14, 'education': 16, 'sex': 2, 'race': 5, 'age_bins': 10, 'marital-status': 7, 'hours-per-week': 5, 'capital-gain': 5, 'capital-loss': 5, 'income-per-year': 2}",False,5,<function xy_greater_xa at 0x7f76b6b6c940>,<function base_classifier at 0x7f76b6b6d240>,adult_xy_greater_xa_base_classifier_age_bins_5,base_model,0.4924663564331531,-0.0650684158419034,-0.0312668463611859,0.0325342079209517,0.734860883797054,0.7953017415957877,0.7898577430529963,"filtered_age_bins,occupation,education,capital-gain,capital-loss,income-per-year",0.1298340620683414,0.11268032491576,
0,<__main__.NamedDataset object at 0x7f76b6b439d0>,"['workclass', 'relationship', 'occupation', 'education']","['hours-per-week', 'capital-gain', 'capital-loss']","['sex', 'race', 'age_bins', 'marital-status']","('marital-status', ['Married-civ-spouse'])",income-per-year,[20],['income-per-year'],"{'hours-per-week': 5, 'capital-gain': 5, 'capital-loss': 5, 'workclass': 7, 'relationship': 6, 'occupation': 14, 'education': 16}","{'workclass': 7, 'relationship': 6, 'occupation': 14, 'education': 16, 'sex': 2, 'race': 5, 'age_bins': 10, 'marital-status': 7, 'hours-per-week': 5, 'capital-gain': 5, 'capital-loss': 5, 'income-per-year': 2}",False,5,<function xy_greater_xa at 0x7f76b6b6c940>,<function base_classifier at 0x7f76b6b6d240>,adult_xy_greater_xa_base_classifier_marital-status_5,base_model,0.3602280746776159,-0.0869379957739004,0.0713520127544064,0.0476819113565256,0.734860883797054,0.7953017415957877,0.7898577430529963,"filtered_marital-status,occupation,education,capital-gain,capital-loss,income-per-year",0.1024340889775921,0.11268032491576,
0,<__main__.NamedDataset object at 0x7f76b6b439d0>,"['workclass', 'relationship', 'occupation', 'education']","['hours-per-week', 'capital-gain', 'capital-loss']","['sex', 'race', 'age_bins', 'marital-status']","('race', ['White'])",income-per-year,[20],['income-per-year'],"{'hours-per-week': 5, 'capital-gain': 5, 'capital-loss': 5, 'workclass': 7, 'relationship': 6, 'occupation': 14, 'education': 16}","{'workclass': 7, 'relationship': 6, 'occupation': 14, 'education': 16, 'sex': 2, 'race': 5, 'age_bins': 10, 'marital-status': 7, 'hours-per-week': 5, 'capital-gain': 5, 'capital-loss': 5, 'income-per-year': 2}",False,5,<function xy_greater_xa at 0x7f76b6b6c940>,<function base_classifier at 0x7f76b6b6d240>,adult_xy_greater_xa_base_classifier_race_5,base_model,0.6143897616305891,-0.0406355405085337,0.0053569221806369,0.0203177702542668,0.7047970479704797,0.7977399279397315,0.7884572860617676,"filtered_race,workclass,relationship,occupation,education,hours-per-week,capital-gain,capital-loss,income-per-year",0.1612435091101864,0.2681447371331561,
0,<__main__.NamedDataset object at 0x7f76b6b439d0>,"['workclass', 'relationship', 'occupation', 'education']","['hours-per-week', 'capital-gain', 'capital-loss']","['sex', 'race', 'age_bins', 'marital-status']","('sex', [1])",income-per-year,[20],['income-per-year'],"{'hours-per-week': 5, 'capital-gain': 5, 'capital-loss': 5, 'workclass': 7, 'relationship': 6, 'occupation': 14, 'education': 16}","{'workclass': 7, 'relationship': 6, 'occupation': 14, 'education': 16, 'sex': 2, 'race': 5, 'age_bins': 10, 'marital-status': 7, 'hours-per-week': 5, 'capital-gain': 5, 'capital-loss': 5, 'income-per-year': 2}",False,5,<function xy_greater_xa at 0x7f76b6b6c940>,<function base_classifier at 0x7f76b6b6d240>,adult_xy_greater_xa_base_classifier_sex_5,base_model,0.4398873756062279,-0.0648039049407243,-0.0119756649372037,0.0324019524703621,0.7078477078477079,0.7952768729641694,0.7869831208078426,"filtered_sex,workclass,education,hours-per-week,capital-gain,capital-loss,income-per-year",0.052342958773552,0.1153969477578789,
0,<__main__.NamedDataset object at 0x7f76b6b439d0>,"['workclass', 'relationship', 'occupation', 'education']","['hours-per-week', 'capital-gain', 'capital-loss']","['sex', 'race', 'age_bins', 'marital-status']","('age_bins', ['(38.9, 46.2]', '(46.2, 53.5]', '(53.5, 60.8]'])",income-per-year,[20],['income-per-year'],"{'hours-per-week': 5, 'capital-gain': 5, 'capital-loss': 5, 'workclass': 7, 'relationship': 6, 'occupation': 14, 'education': 16}","{'workclass': 7, 'relationship': 6, 'occupation': 14, 'education': 16, 'sex': 2, 'race': 5, 'age_bins': 10, 'marital-status': 7, 'hours-per-week': 5, 'capital-gain': 5, 'capital-loss': 5, 'income-per-year': 2}",False,5,<function xy_greater_xa at 0x7f76b6b6c940>,<function fair_classifier_adversarial at 0x7f76b6b6d360>,adult_xy_greater_xa_fair_classifier_adversarial_age_bins_5,fair_model_adversarial,0.5548998196663374,-0.0399878721629911,0.0105639097880586,0.0077742120079625,0.8646532438478747,0.7927089087035429,0.7974496941107098,"['filtered_age_bins', 'occupation', 'education', 'capital-gain', 'capital-loss', 'income-per-year']",0.1298340620683414,0.11268032491576,
0,<__main__.NamedDataset object at 0x7f76b6b439d0>,"['workclass', 'relationship', 'occupation', 'education']","['hours-per-week', 'capital-gain', 'capital-loss']","['sex', 'race', 'age_bins', 'marital-status']","('marital-status', ['Married-civ-spouse'])",income-per-year,[20],['income-per-year'],"{'hours-per-week': 5, 'capital-gain': 5, 'capital-loss': 5, 'workclass': 7, 'relationship': 6, 'occupation': 14, 'education': 16}","{'workclass': 7, 'relationship': 6, 'occupation': 14, 'education': 16, 'sex': 2, 'race': 5, 'age_bins': 10, 'marital-status': 7, 'hours-per-week': 5, 'capital-gain': 5, 'capital-loss': 5, 'income-per-year': 2}",False,5,<function xy_greater_xa at 0x7f76b6b6c940>,<function fair_classifier_adversarial at 0x7f76b6b6d360>,adult_xy_greater_xa_fair_classifier_adversarial_marital-status_5,fair_model_adversarial,0.6180466575070369,-0.0130008316286522,0.2085322723253757,0.104550928090031,0.9726775956284152,0.7707749412923264,0.7762217144541903,"['filtered_marital-status', 'occupation', 'education', 'capital-gain', 'capital-loss', 'income-per-year']",0.1024340889775921,0.11268032491576,
0,<__main__.NamedDataset object at 0x7f76b6b439d0>,"['workclass', 'relationship', 'occupation', 'education']","['hours-per-week', 'capital-gain', 'capital-loss']","['sex', 'race', 'age_bins', 'marital-status']","('race', ['White'])",income-per-year,[20],['income-per-year'],"{'hours-per-week': 5, 'capital-gain': 5, 'capital-loss': 5, 'workclass': 7, 'relationship': 6, 'occupation': 14, 'education': 16}","{'workclass': 7, 'relationship': 6, 'occupation': 14, 'education': 16, 'sex': 2, 'race': 5, 'age_bins': 10, 'marital-status': 7, 'hours-per-week': 5, 'capital-gain': 5, 'capital-loss': 5, 'income-per-year': 2}",False,5,<function xy_greater_xa at 0x7f76b6b6c940>,<function fair_classifier_adversarial at 0x7f76b6b6d360>,adult_xy_greater_xa_fair_classifier_adversarial_race_5,fair_model_adversarial,0.9239189357046628,-0.010920758053507,0.1118788567716791,0.0640870673045281,0.736377789309808,0.8333333333333334,0.8195621729195843,"['filtered_race', 'workclass', 'relationship', 'occupation', 'education', 'hours-per-week', 'capital-gain', 'capital-loss', 'income-per-year']",0.1612435091101864,0.2681447371331561,
0,<__main__.NamedDataset object at 0x7f76b6b439d0>,"['workclass', 'relationship', 'occupation', 'education']","['hours-per-week', 'capital-gain', 'capital-loss']","['sex', 'race', 'age_bins', 'marital-status']","('sex', [1])",income-per-year,[20],['income-per-year'],"{'hours-per-week': 5, 'capital-gain': 5, 'capital-loss': 5, 'workclass': 7, 'relationship': 6, 'occupation': 14, 'education': 16}","{'workclass': 7, 'relationship': 6, 'occupation': 14, 'education': 16, 'sex': 2, 'race': 5, 'age_bins': 10, 'marital-status': 7, 'hours-per-week': 5, 'capital-gain': 5, 'capital-loss': 5, 'income-per-year': 2}",False,5,<function xy_greater_xa at 0x7f76b6b6c940>,<function fair_classifier_adversarial at 0x7f76b6b6d360>,adult_xy_greater_xa_fair_classifier_adversarial_sex_5,fair_model_adversarial,0.5243096526138954,-0.037976797448332,0.0212757058208435,0.0124012483364775,0.8235294117647058,0.7986402087121511,0.8003243163558635,"['filtered_sex', 'workclass', 'education', 'hours-per-week', 'capital-gain', 'capital-loss', 'income-per-year']",0.052342958773552,0.1153969477578789,
0,<__main__.NamedDataset object at 0x7f76b6b439d0>,"['workclass', 'relationship', 'occupation', 'education']","['hours-per-week', 'capital-gain', 'capital-loss']","['sex', 'race', 'age_bins', 'marital-status']","('age_bins', ['(38.9, 46.2]', '(46.2, 53.5]', '(53.5, 60.8]'])",income-per-year,[20],['income-per-year'],"{'hours-per-week': 5, 'capital-gain': 5, 'capital-loss': 5, 'workclass': 7, 'relationship': 6, 'occupation': 14, 'education': 16}","{'workclass': 7, 'relationship': 6, 'occupation': 14, 'education': 16, 'sex': 2, 'race': 5, 'age_bins': 10, 'marital-status': 7, 'hours-per-week': 5, 'capital-gain': 5, 'capital-loss': 5, 'income-per-year': 2}",False,5,<function xy_greater_xa at 0x7f76b6b6c940>,<function fair_classifier at 0x7f76b6b6d2d0>,adult_xy_greater_xa_fair_classifier_age_bins_5,fair_model,0.2484267663918939,-0.08886003977466,-0.095445609917942,0.0612434596515299,0.8637911464245176,0.7965473750591203,0.8009139824574335,"['filtered_age_bins', 'occupation', 'education', 'capital-gain', 'capital-loss', 'income-per-year']",0.1298340620683414,0.11268032491576,20.0
0,<__main__.NamedDataset object at 0x7f76b6b439d0>,"['workclass', 'relationship', 'occupation', 'education']","['hours-per-week', 'capital-gain', 'capital-loss']","['sex', 'race', 'age_bins', 'marital-status']","('age_bins', ['(38.9, 46.2]', '(46.2, 53.5]', '(53.5, 60.8]'])",income-per-year,[20],['income-per-year'],"{'hours-per-week': 5, 'capital-gain': 5, 'capital-loss': 5, 'workclass': 7, 'relationship': 6, 'occupation': 14, 'education': 16}","{'workclass': 7, 'relationship': 6, 'occupation': 14, 'education': 16, 'sex': 2, 'race': 5, 'age_bins': 10, 'marital-status': 7, 'hours-per-week': 5, 'capital-gain': 5, 'capital-loss': 5, 'income-per-year': 2}",False,5,<function xy_greater_xa at 0x7f76b6b6c940>,<function fair_classifier_lfr at 0x7f76b6b6c5e0>,adult_xy_greater_xa_fair_classifier_lfr_age_bins_5,lfr_model,0.5592632043021193,-0.045511752911331,0.0,0.0227558764556655,1.0,1.0,1.0,"filtered_age_bins,occupation,education,capital-gain,capital-loss,income-per-year",0.1298340620683414,0.11268032491576,
0,<__main__.NamedDataset object at 0x7f76b6b439d0>,"['workclass', 'relationship', 'occupation', 'education']","['hours-per-week', 'capital-gain', 'capital-loss']","['sex', 'race', 'age_bins', 'marital-status']","('marital-status', ['Married-civ-spouse'])",income-per-year,[20],['income-per-year'],"{'hours-per-week': 5, 'capital-gain': 5, 'capital-loss': 5, 'workclass': 7, 'relationship': 6, 'occupation': 14, 'education': 16}","{'workclass': 7, 'relationship': 6, 'occupation': 14, 'education': 16, 'sex': 2, 'race': 5, 'age_bins': 10, 'marital-status': 7, 'hours-per-week': 5, 'capital-gain': 5, 'capital-loss': 5, 'income-per-year': 2}",False,5,<function xy_greater_xa at 0x7f76b6b6c940>,<function fair_classifier_lfr at 0x7f76b6b6c5e0>,adult_xy_greater_xa_fair_classifier_lfr_marital-status_5,lfr_model,1.070923067318527,0.0634539817915446,0.0,0.0317269908957723,1.0,1.0,1.0,"filtered_marital-status,occupation,education,capital-gain,capital-loss,income-per-year",0.1024340889775921,0.11268032491576,
0,<__main__.NamedDataset object at 0x7f76b6b439d0>,"['workclass', 'relationship', 'occupation', 'education']","['hours-per-week', 'capital-gain', 'capital-loss']","['sex', 'race', 'age_bins', 'marital-status']","('race', ['White'])",income-per-year,[20],['income-per-year'],"{'hours-per-week': 5, 'capital-gain': 5, 'capital-loss': 5, 'workclass': 7, 'relationship': 6, 'occupation': 14, 'education': 16}","{'workclass': 7, 'relationship': 6, 'occupation': 14, 'education': 16, 'sex': 2, 'race': 5, 'age_bins': 10, 'marital-status': 7, 'hours-per-week': 5, 'capital-gain': 5, 'capital-loss': 5, 'income-per-year': 2}",False,5,<function xy_greater_xa at 0x7f76b6b6c940>,<function fair_classifier_lfr at 0x7f76b6b6c5e0>,adult_xy_greater_xa_fair_classifier_lfr_race_5,lfr_model,0.6117962312184995,-0.0267966594662315,0.0,0.0133983297331157,1.0,1.0,1.0,"filtered_race,workclass,relationship,occupation,education,hours-per-week,capital-gain,capital-loss,income-per-year",0.1612435091101864,0.2681447371331561,
0,<__main__.NamedDataset object at 0x7f76b6b439d0>,"['workclass', 'relationship', 'occupation', 'education']","['hours-per-week', 'capital-gain', 'capital-loss']","['sex', 'race', 'age_bins', 'marital-status']","('sex', [1])",income-per-year,[20],['income-per-year'],"{'hours-per-week': 5, 'capital-gain': 5, 'capital-loss': 5, 'workclass': 7, 'relationship': 6, 'occupation': 14, 'education': 16}","{'workclass': 7, 'relationship': 6, 'occupation': 14, 'education': 16, 'sex': 2, 'race': 5, 'age_bins': 10, 'marital-status': 7, 'hours-per-week': 5, 'capital-gain': 5, 'capital-loss': 5, 'income-per-year': 2}",False,5,<function xy_greater_xa at 0x7f76b6b6c940>,<function fair_classifier_lfr at 0x7f76b6b6c5e0>,adult_xy_greater_xa_fair_classifier_lfr_sex_5,lfr_model,0.3055597358080428,-0.0041041670423952,0.0,0.0020520835211976,1.0,1.0,1.0,"filtered_sex,workclass,education,hours-per-week,capital-gain,capital-loss,income-per-year",0.052342958773552,0.1153969477578789,
0,<__main__.NamedDataset object at 0x7f76b6b439d0>,"['workclass', 'relationship', 'occupation', 'education']","['hours-per-week', 'capital-gain', 'capital-loss']","['sex', 'race', 'age_bins', 'marital-status']","('marital-status', ['Married-civ-spouse'])",income-per-year,[20],['income-per-year'],"{'hours-per-week': 5, 'capital-gain': 5, 'capital-loss': 5, 'workclass': 7, 'relationship': 6, 'occupation': 14, 'education': 16}","{'workclass': 7, 'relationship': 6, 'occupation': 14, 'education': 16, 'sex': 2, 'race': 5, 'age_bins': 10, 'marital-status': 7, 'hours-per-week': 5, 'capital-gain': 5, 'capital-loss': 5, 'income-per-year': 2}",False,5,<function xy_greater_xa at 0x7f76b6b6c940>,<function fair_classifier at 0x7f76b6b6d2d0>,adult_xy_greater_xa_fair_classifier_marital-status_5,fair_model,0.3299991444661618,-0.0244783337455725,0.079422034254673,0.0399181565688096,0.9716088328075708,0.7731320754716982,0.7777695879708115,"['filtered_marital-status', 'occupation', 'education', 'capital-gain', 'capital-loss', 'income-per-year']",0.1024340889775921,0.11268032491576,20.0
0,<__main__.NamedDataset object at 0x7f76b6b439d0>,"['workclass', 'relationship', 'occupation', 'education']","['hours-per-week', 'capital-gain', 'capital-loss']","['sex', 'race', 'age_bins', 'marital-status']","('race', ['White'])",income-per-year,[20],['income-per-year'],"{'hours-per-week': 5, 'capital-gain': 5, 'capital-loss': 5, 'workclass': 7, 'relationship': 6, 'occupation': 14, 'education': 16}","{'workclass': 7, 'relationship': 6, 'occupation': 14, 'education': 16, 'sex': 2, 'race': 5, 'age_bins': 10, 'marital-status': 7, 'hours-per-week': 5, 'capital-gain': 5, 'capital-loss': 5, 'income-per-year': 2}",False,5,<function xy_greater_xa at 0x7f76b6b6c940>,<function fair_classifier at 0x7f76b6b6d2d0>,adult_xy_greater_xa_fair_classifier_race_5,fair_model,0.5050785176968142,-0.0538401200721036,-0.0099597260654877,0.0196817307230394,0.7188638018936635,0.8072822699688371,0.7983341932630648,"['filtered_race', 'workclass', 'relationship', 'occupation', 'education', 'hours-per-week', 'capital-gain', 'capital-loss', 'income-per-year']",0.1612435091101864,0.2681447371331561,20.0
0,<__main__.NamedDataset object at 0x7f76b6b439d0>,"['workclass', 'relationship', 'occupation', 'education']","['hours-per-week', 'capital-gain', 'capital-loss']","['sex', 'race', 'age_bins', 'marital-status']","('sex', [1])",income-per-year,[20],['income-per-year'],"{'hours-per-week': 5, 'capital-gain': 5, 'capital-loss': 5, 'workclass': 7, 'relationship': 6, 'occupation': 14, 'education': 16}","{'workclass': 7, 'relationship': 6, 'occupation': 14, 'education': 16, 'sex': 2, 'race': 5, 'age_bins': 10, 'marital-status': 7, 'hours-per-week': 5, 'capital-gain': 5, 'capital-loss': 5, 'income-per-year': 2}",False,5,<function xy_greater_xa at 0x7f76b6b6c940>,<function fair_classifier at 0x7f76b6b6d2d0>,adult_xy_greater_xa_fair_classifier_sex_5,fair_model,2.0073265962333484,0.0404548833828654,0.0279589179112633,0.0474967693121096,0.5728155339805825,0.7727697337692667,0.7621434362792069,"['filtered_sex', 'workclass', 'education', 'hours-per-week', 'capital-gain', 'capital-loss', 'income-per-year']",0.052342958773552,0.1153969477578789,20.0
