,data,features_cat,features_num,protected_attributes,p_att_description,target,etas,feat_dictionary,greater,k,technique,model,dir_name,model_type,disparate_impact,statistical_parity_difference,equal_opportunity_difference,average_abs_odds_difference,positive_predictive_value,negative_predictive_value,accuracy,eta
0,<__main__.NamedDataset object at 0x7f7d7f824b20>,"['workclass', 'relationship', 'occupation', 'education']","['hours-per-week', 'capital-gain', 'capital-loss']","['sex', 'race', 'age_bins', 'marital-status']","('age_bins', ['(38.9, 46.2]', '(46.2, 53.5]', '(53.5, 60.8]'])",income-per-year,"[1, 10, 20]","{'hours-per-week': 5, 'capital-gain': 10, 'capital-loss': 5, 'workclass': 7, 'education': 16, 'relationship': 6, 'occupation': 14}",False,5,<function maximally_predictive_minimally_demographic at 0x7f7d7f850f70>,<function base_classifier at 0x7f7d7f851090>,adult_maximally_predictive_minimally_demographic_base_classifier_age_bins_5,base_model,0.4969033714249102,-0.0664703878922216,-0.0195507637017071,0.0332351939461108,0.7175632911392406,0.7953344712671706,0.7880887447482863,
0,<__main__.NamedDataset object at 0x7f7d7f824b20>,"['workclass', 'relationship', 'occupation', 'education']","['hours-per-week', 'capital-gain', 'capital-loss']","['sex', 'race', 'age_bins', 'marital-status']","('marital-status', ['Married-civ-spouse'])",income-per-year,"[1, 10, 20]","{'hours-per-week': 5, 'capital-gain': 10, 'capital-loss': 5, 'workclass': 7, 'education': 16, 'relationship': 6, 'occupation': 14}",False,5,<function maximally_predictive_minimally_demographic at 0x7f7d7f850f70>,<function base_classifier at 0x7f7d7f851090>,adult_maximally_predictive_minimally_demographic_base_classifier_marital-status_5,base_model,0.3634755472540489,-0.0913571795198723,0.0842622228609573,0.0456785897599361,0.7063369397217929,0.7954045465656319,0.7869094125451463,
0,<__main__.NamedDataset object at 0x7f7d7f824b20>,"['workclass', 'relationship', 'occupation', 'education']","['hours-per-week', 'capital-gain', 'capital-loss']","['sex', 'race', 'age_bins', 'marital-status']","('race', ['White'])",income-per-year,"[1, 10, 20]","{'hours-per-week': 5, 'capital-gain': 10, 'capital-loss': 5, 'workclass': 7, 'education': 16, 'relationship': 6, 'occupation': 14}",False,5,<function maximally_predictive_minimally_demographic at 0x7f7d7f850f70>,<function base_classifier at 0x7f7d7f851090>,adult_maximally_predictive_minimally_demographic_base_classifier_race_5,base_model,0.5661356247053542,-0.0429462477378364,-0.0246859773321093,0.0214731238689182,0.7175632911392406,0.7953344712671706,0.7880887447482863,
0,<__main__.NamedDataset object at 0x7f7d7f824b20>,"['workclass', 'relationship', 'occupation', 'education']","['hours-per-week', 'capital-gain', 'capital-loss']","['sex', 'race', 'age_bins', 'marital-status']","('sex', [1])",income-per-year,"[1, 10, 20]","{'hours-per-week': 5, 'capital-gain': 10, 'capital-loss': 5, 'workclass': 7, 'education': 16, 'relationship': 6, 'occupation': 14}",False,5,<function maximally_predictive_minimally_demographic at 0x7f7d7f850f70>,<function base_classifier at 0x7f7d7f851090>,adult_maximally_predictive_minimally_demographic_base_classifier_sex_5,base_model,0.4398873756062279,-0.0648039049407243,-0.0119756649372037,0.0324019524703621,0.7078477078477079,0.7952768729641694,0.7869831208078426,
0,<__main__.NamedDataset object at 0x7f7d7f824b20>,"['workclass', 'relationship', 'occupation', 'education']","['hours-per-week', 'capital-gain', 'capital-loss']","['sex', 'race', 'age_bins', 'marital-status']","('age_bins', ['(38.9, 46.2]', '(46.2, 53.5]', '(53.5, 60.8]'])",income-per-year,"[1, 10, 20]","{'hours-per-week': 5, 'capital-gain': 10, 'capital-loss': 5, 'workclass': 7, 'education': 16, 'relationship': 6, 'occupation': 14}",False,5,<function maximally_predictive_minimally_demographic at 0x7f7d7f850f70>,<function fair_classifier_adversarial at 0x7f7d7f8511b0>,adult_maximally_predictive_minimally_demographic_fair_classifier_adversarial_age_bins_5,fair_model_adversarial,0.8489490440446459,-0.0162193159465142,0.1302832722067228,0.0744859023280553,0.8046757164404224,0.8130871660812025,0.8122650549126557,
0,<__main__.NamedDataset object at 0x7f7d7f824b20>,"['workclass', 'relationship', 'occupation', 'education']","['hours-per-week', 'capital-gain', 'capital-loss']","['sex', 'race', 'age_bins', 'marital-status']","('marital-status', ['Married-civ-spouse'])",income-per-year,"[1, 10, 20]","{'hours-per-week': 5, 'capital-gain': 10, 'capital-loss': 5, 'workclass': 7, 'education': 16, 'relationship': 6, 'occupation': 14}",False,5,<function maximally_predictive_minimally_demographic at 0x7f7d7f850f70>,<function fair_classifier_adversarial at 0x7f7d7f8511b0>,adult_maximally_predictive_minimally_demographic_fair_classifier_adversarial_marital-status_5,fair_model_adversarial,0.365232379216245,-0.0452537681802772,0.1345405179615705,0.0694979110932315,0.9293563579277864,0.7895591647331787,0.7961229453821773,
0,<__main__.NamedDataset object at 0x7f7d7f824b20>,"['workclass', 'relationship', 'occupation', 'education']","['hours-per-week', 'capital-gain', 'capital-loss']","['sex', 'race', 'age_bins', 'marital-status']","('race', ['White'])",income-per-year,"[1, 10, 20]","{'hours-per-week': 5, 'capital-gain': 10, 'capital-loss': 5, 'workclass': 7, 'education': 16, 'relationship': 6, 'occupation': 14}",False,5,<function maximally_predictive_minimally_demographic at 0x7f7d7f850f70>,<function fair_classifier_adversarial at 0x7f7d7f8511b0>,adult_maximally_predictive_minimally_demographic_fair_classifier_adversarial_race_5,fair_model_adversarial,0.542887583750318,-0.0566285780702405,-0.0548179758706074,0.035502148585788,0.8003802281368821,0.8239219284343982,0.8211837546989017,
0,<__main__.NamedDataset object at 0x7f7d7f824b20>,"['workclass', 'relationship', 'occupation', 'education']","['hours-per-week', 'capital-gain', 'capital-loss']","['sex', 'race', 'age_bins', 'marital-status']","('sex', [1])",income-per-year,"[1, 10, 20]","{'hours-per-week': 5, 'capital-gain': 10, 'capital-loss': 5, 'workclass': 7, 'education': 16, 'relationship': 6, 'occupation': 14}",False,5,<function maximally_predictive_minimally_demographic at 0x7f7d7f850f70>,<function fair_classifier_adversarial at 0x7f7d7f8511b0>,adult_maximally_predictive_minimally_demographic_fair_classifier_adversarial_sex_5,fair_model_adversarial,0.4434506424822764,-0.0490161880952529,-0.0167535628359783,0.0087878721150014,0.8426966292134831,0.7977438830632348,0.8009876907201298,
0,<__main__.NamedDataset object at 0x7f7d7f824b20>,"['workclass', 'relationship', 'occupation', 'education']","['hours-per-week', 'capital-gain', 'capital-loss']","['sex', 'race', 'age_bins', 'marital-status']","('age_bins', ['(38.9, 46.2]', '(46.2, 53.5]', '(53.5, 60.8]'])",income-per-year,"[1, 10, 20]","{'hours-per-week': 5, 'capital-gain': 10, 'capital-loss': 5, 'workclass': 7, 'education': 16, 'relationship': 6, 'occupation': 14}",False,5,<function maximally_predictive_minimally_demographic at 0x7f7d7f850f70>,<function fair_classifier at 0x7f7d7f851120>,adult_maximally_predictive_minimally_demographic_fair_classifier_age_bins_5,fair_model,0.3000665440729266,-0.1001588278683522,-0.0765275043479028,0.0605994348917228,0.7915921288014311,0.8013495059844165,0.8005454411439522,1.0
1,<__main__.NamedDataset object at 0x7f7d7f824b20>,"['workclass', 'relationship', 'occupation', 'education']","['hours-per-week', 'capital-gain', 'capital-loss']","['sex', 'race', 'age_bins', 'marital-status']","('age_bins', ['(38.9, 46.2]', '(46.2, 53.5]', '(53.5, 60.8]'])",income-per-year,"[1, 10, 20]","{'hours-per-week': 5, 'capital-gain': 10, 'capital-loss': 5, 'workclass': 7, 'education': 16, 'relationship': 6, 'occupation': 14}",False,5,<function maximally_predictive_minimally_demographic at 0x7f7d7f850f70>,<function fair_classifier at 0x7f7d7f851120>,adult_maximally_predictive_minimally_demographic_fair_classifier_age_bins_5,fair_model,0.3165342544588631,-0.0627724805575567,-0.0585164455195265,0.0347284731987768,0.9232876712328768,0.790916880891174,0.7980393602122798,10.0
2,<__main__.NamedDataset object at 0x7f7d7f824b20>,"['workclass', 'relationship', 'occupation', 'education']","['hours-per-week', 'capital-gain', 'capital-loss']","['sex', 'race', 'age_bins', 'marital-status']","('age_bins', ['(38.9, 46.2]', '(46.2, 53.5]', '(53.5, 60.8]'])",income-per-year,"[1, 10, 20]","{'hours-per-week': 5, 'capital-gain': 10, 'capital-loss': 5, 'workclass': 7, 'education': 16, 'relationship': 6, 'occupation': 14}",False,5,<function maximally_predictive_minimally_demographic at 0x7f7d7f850f70>,<function fair_classifier at 0x7f7d7f851120>,adult_maximally_predictive_minimally_demographic_fair_classifier_age_bins_5,fair_model,0.3165342544588631,-0.0627724805575567,-0.0585164455195265,0.0347284731987768,0.9232876712328768,0.790916880891174,0.7980393602122798,20.0
0,<__main__.NamedDataset object at 0x7f7d7f824b20>,"['workclass', 'relationship', 'occupation', 'education']","['hours-per-week', 'capital-gain', 'capital-loss']","['sex', 'race', 'age_bins', 'marital-status']","('age_bins', ['(38.9, 46.2]', '(46.2, 53.5]', '(53.5, 60.8]'])",income-per-year,"[1, 10, 20]","{'hours-per-week': 5, 'capital-gain': 10, 'capital-loss': 5, 'workclass': 7, 'education': 16, 'relationship': 6, 'occupation': 14}",False,5,<function maximally_predictive_minimally_demographic at 0x7f7d7f850f70>,<function fair_classifier_lfr at 0x7f7d7f850430>,adult_maximally_predictive_minimally_demographic_fair_classifier_lfr_age_bins_5,lfr_model,0.4407738826668539,-0.0230736139772747,0.0,0.0115368069886373,1.0,1.0,1.0,
0,<__main__.NamedDataset object at 0x7f7d7f824b20>,"['workclass', 'relationship', 'occupation', 'education']","['hours-per-week', 'capital-gain', 'capital-loss']","['sex', 'race', 'age_bins', 'marital-status']","('marital-status', ['Married-civ-spouse'])",income-per-year,"[1, 10, 20]","{'hours-per-week': 5, 'capital-gain': 10, 'capital-loss': 5, 'workclass': 7, 'education': 16, 'relationship': 6, 'occupation': 14}",False,5,<function maximally_predictive_minimally_demographic at 0x7f7d7f850f70>,<function fair_classifier_lfr at 0x7f7d7f850430>,adult_maximally_predictive_minimally_demographic_fair_classifier_lfr_marital-status_5,lfr_model,1.0449211510015373,0.042038205011923,0.0,0.0210191025059615,1.0,1.0,1.0,
0,<__main__.NamedDataset object at 0x7f7d7f824b20>,"['workclass', 'relationship', 'occupation', 'education']","['hours-per-week', 'capital-gain', 'capital-loss']","['sex', 'race', 'age_bins', 'marital-status']","('race', ['White'])",income-per-year,"[1, 10, 20]","{'hours-per-week': 5, 'capital-gain': 10, 'capital-loss': 5, 'workclass': 7, 'education': 16, 'relationship': 6, 'occupation': 14}",False,5,<function maximally_predictive_minimally_demographic at 0x7f7d7f850f70>,<function fair_classifier_lfr at 0x7f7d7f850430>,adult_maximally_predictive_minimally_demographic_fair_classifier_lfr_race_5,lfr_model,0.7354399439135461,-0.0224480707156833,0.0,0.0112240353578416,1.0,1.0,1.0,
0,<__main__.NamedDataset object at 0x7f7d7f824b20>,"['workclass', 'relationship', 'occupation', 'education']","['hours-per-week', 'capital-gain', 'capital-loss']","['sex', 'race', 'age_bins', 'marital-status']","('sex', [1])",income-per-year,"[1, 10, 20]","{'hours-per-week': 5, 'capital-gain': 10, 'capital-loss': 5, 'workclass': 7, 'education': 16, 'relationship': 6, 'occupation': 14}",False,5,<function maximally_predictive_minimally_demographic at 0x7f7d7f850f70>,<function fair_classifier_lfr at 0x7f7d7f850430>,adult_maximally_predictive_minimally_demographic_fair_classifier_lfr_sex_5,lfr_model,0.6348535943513474,-0.0256152235252109,0.0,0.0128076117626054,1.0,1.0,1.0,
0,<__main__.NamedDataset object at 0x7f7d7f824b20>,"['workclass', 'relationship', 'occupation', 'education']","['hours-per-week', 'capital-gain', 'capital-loss']","['sex', 'race', 'age_bins', 'marital-status']","('marital-status', ['Married-civ-spouse'])",income-per-year,"[1, 10, 20]","{'hours-per-week': 5, 'capital-gain': 10, 'capital-loss': 5, 'workclass': 7, 'education': 16, 'relationship': 6, 'occupation': 14}",False,5,<function maximally_predictive_minimally_demographic at 0x7f7d7f850f70>,<function fair_classifier at 0x7f7d7f851120>,adult_maximally_predictive_minimally_demographic_fair_classifier_marital-status_5,fair_model,0.101684701540642,-0.1535015471555375,-0.0604087522958805,0.0642513199852447,0.7899505766062603,0.8054723548935482,0.8040834377533721,1.0
1,<__main__.NamedDataset object at 0x7f7d7f824b20>,"['workclass', 'relationship', 'occupation', 'education']","['hours-per-week', 'capital-gain', 'capital-loss']","['sex', 'race', 'age_bins', 'marital-status']","('marital-status', ['Married-civ-spouse'])",income-per-year,"[1, 10, 20]","{'hours-per-week': 5, 'capital-gain': 10, 'capital-loss': 5, 'workclass': 7, 'education': 16, 'relationship': 6, 'occupation': 14}",False,5,<function maximally_predictive_minimally_demographic at 0x7f7d7f850f70>,<function fair_classifier at 0x7f7d7f851120>,adult_maximally_predictive_minimally_demographic_fair_classifier_marital-status_5,fair_model,0.2510925594400146,-0.0368989387001153,0.0684044058090055,0.0353329422312432,0.9652605459057072,0.7741567912488605,0.7798334193263065,10.0
2,<__main__.NamedDataset object at 0x7f7d7f824b20>,"['workclass', 'relationship', 'occupation', 'education']","['hours-per-week', 'capital-gain', 'capital-loss']","['sex', 'race', 'age_bins', 'marital-status']","('marital-status', ['Married-civ-spouse'])",income-per-year,"[1, 10, 20]","{'hours-per-week': 5, 'capital-gain': 10, 'capital-loss': 5, 'workclass': 7, 'education': 16, 'relationship': 6, 'occupation': 14}",False,5,<function maximally_predictive_minimally_demographic at 0x7f7d7f850f70>,<function fair_classifier at 0x7f7d7f851120>,adult_maximally_predictive_minimally_demographic_fair_classifier_marital-status_5,fair_model,0.3282491113626435,-0.0236108895425651,0.0856848283651049,0.0432586636550488,0.970684039087948,0.7689291101055807,0.7734945087344292,20.0
0,<__main__.NamedDataset object at 0x7f7d7f824b20>,"['workclass', 'relationship', 'occupation', 'education']","['hours-per-week', 'capital-gain', 'capital-loss']","['sex', 'race', 'age_bins', 'marital-status']","('race', ['White'])",income-per-year,"[1, 10, 20]","{'hours-per-week': 5, 'capital-gain': 10, 'capital-loss': 5, 'workclass': 7, 'education': 16, 'relationship': 6, 'occupation': 14}",False,5,<function maximally_predictive_minimally_demographic at 0x7f7d7f850f70>,<function fair_classifier at 0x7f7d7f851120>,adult_maximally_predictive_minimally_demographic_fair_classifier_race_5,fair_model,0.5075617386550836,-0.0487174919517801,0.0138837023949526,0.0227502223122371,0.7346123101518784,0.8037512179278987,0.7973759858480136,1.0
1,<__main__.NamedDataset object at 0x7f7d7f824b20>,"['workclass', 'relationship', 'occupation', 'education']","['hours-per-week', 'capital-gain', 'capital-loss']","['sex', 'race', 'age_bins', 'marital-status']","('race', ['White'])",income-per-year,"[1, 10, 20]","{'hours-per-week': 5, 'capital-gain': 10, 'capital-loss': 5, 'workclass': 7, 'education': 16, 'relationship': 6, 'occupation': 14}",False,5,<function maximally_predictive_minimally_demographic at 0x7f7d7f850f70>,<function fair_classifier at 0x7f7d7f851120>,adult_maximally_predictive_minimally_demographic_fair_classifier_race_5,fair_model,0.5075617386550836,-0.0487174919517801,0.0138837023949526,0.0227502223122371,0.7346123101518784,0.8037512179278987,0.7973759858480136,10.0
2,<__main__.NamedDataset object at 0x7f7d7f824b20>,"['workclass', 'relationship', 'occupation', 'education']","['hours-per-week', 'capital-gain', 'capital-loss']","['sex', 'race', 'age_bins', 'marital-status']","('race', ['White'])",income-per-year,"[1, 10, 20]","{'hours-per-week': 5, 'capital-gain': 10, 'capital-loss': 5, 'workclass': 7, 'education': 16, 'relationship': 6, 'occupation': 14}",False,5,<function maximally_predictive_minimally_demographic at 0x7f7d7f850f70>,<function fair_classifier at 0x7f7d7f851120>,adult_maximally_predictive_minimally_demographic_fair_classifier_race_5,fair_model,0.5075617386550836,-0.0487174919517801,0.0138837023949526,0.0227502223122371,0.7346123101518784,0.8037512179278987,0.7973759858480136,20.0
0,<__main__.NamedDataset object at 0x7f7d7f824b20>,"['workclass', 'relationship', 'occupation', 'education']","['hours-per-week', 'capital-gain', 'capital-loss']","['sex', 'race', 'age_bins', 'marital-status']","('sex', [1])",income-per-year,"[1, 10, 20]","{'hours-per-week': 5, 'capital-gain': 10, 'capital-loss': 5, 'workclass': 7, 'education': 16, 'relationship': 6, 'occupation': 14}",False,5,<function maximally_predictive_minimally_demographic at 0x7f7d7f850f70>,<function fair_classifier at 0x7f7d7f851120>,adult_maximally_predictive_minimally_demographic_fair_classifier_sex_5,fair_model,0.1855795844558438,-0.1091179053966522,-0.1145403679925397,0.0856267220019762,0.6876404494382022,0.8024035317200785,0.7911107835188325,1.0
1,<__main__.NamedDataset object at 0x7f7d7f824b20>,"['workclass', 'relationship', 'occupation', 'education']","['hours-per-week', 'capital-gain', 'capital-loss']","['sex', 'race', 'age_bins', 'marital-status']","('sex', [1])",income-per-year,"[1, 10, 20]","{'hours-per-week': 5, 'capital-gain': 10, 'capital-loss': 5, 'workclass': 7, 'education': 16, 'relationship': 6, 'occupation': 14}",False,5,<function maximally_predictive_minimally_demographic at 0x7f7d7f850f70>,<function fair_classifier at 0x7f7d7f851120>,adult_maximally_predictive_minimally_demographic_fair_classifier_sex_5,fair_model,1.0125353471606977,0.0006128513814756,-0.0282737348014777,0.0325670369674043,0.7237237237237237,0.7788543523757848,0.776148006191494,10.0
2,<__main__.NamedDataset object at 0x7f7d7f824b20>,"['workclass', 'relationship', 'occupation', 'education']","['hours-per-week', 'capital-gain', 'capital-loss']","['sex', 'race', 'age_bins', 'marital-status']","('sex', [1])",income-per-year,"[1, 10, 20]","{'hours-per-week': 5, 'capital-gain': 10, 'capital-loss': 5, 'workclass': 7, 'education': 16, 'relationship': 6, 'occupation': 14}",False,5,<function maximally_predictive_minimally_demographic at 0x7f7d7f850f70>,<function fair_classifier at 0x7f7d7f851120>,adult_maximally_predictive_minimally_demographic_fair_classifier_sex_5,fair_model,2.0446957600707933,0.0429624418447575,-0.0111294429898497,0.0438697458221739,0.5427807486631016,0.7715110383025197,0.7589002727205719,20.0
0,<__main__.NamedDataset object at 0x7f7d7f824b20>,"['workclass', 'relationship', 'occupation', 'education']","['hours-per-week', 'capital-gain', 'capital-loss']","['sex', 'race', 'age_bins', 'marital-status']","('age_bins', ['(38.9, 46.2]', '(46.2, 53.5]', '(53.5, 60.8]'])",income-per-year,"[1, 10, 20]","{'hours-per-week': 5, 'capital-gain': 10, 'capital-loss': 5, 'workclass': 7, 'education': 16, 'relationship': 6, 'occupation': 14}",False,5,<function sequential_feature_selection_backward at 0x7f7d7f850dc0>,<function base_classifier at 0x7f7d7f851090>,adult_sequential_feature_selection_backward_base_classifier_age_bins_5,base_model,0.489068716621011,-0.0671416109568543,-0.0181491464510332,0.0335708054784271,0.7590072057646117,0.798912161065108,0.7952384462298223,
0,<__main__.NamedDataset object at 0x7f7d7f824b20>,"['workclass', 'relationship', 'occupation', 'education']","['hours-per-week', 'capital-gain', 'capital-loss']","['sex', 'race', 'age_bins', 'marital-status']","('marital-status', ['Married-civ-spouse'])",income-per-year,"[1, 10, 20]","{'hours-per-week': 5, 'capital-gain': 10, 'capital-loss': 5, 'workclass': 7, 'education': 16, 'relationship': 6, 'occupation': 14}",False,5,<function sequential_feature_selection_backward at 0x7f7d7f850dc0>,<function base_classifier at 0x7f7d7f851090>,adult_sequential_feature_selection_backward_base_classifier_marital-status_5,base_model,0.3236020841903195,-0.096763797212605,0.0518933497374843,0.0508565098607174,0.7590072057646117,0.798912161065108,0.7952384462298223,
0,<__main__.NamedDataset object at 0x7f7d7f824b20>,"['workclass', 'relationship', 'occupation', 'education']","['hours-per-week', 'capital-gain', 'capital-loss']","['sex', 'race', 'age_bins', 'marital-status']","('race', ['White'])",income-per-year,"[1, 10, 20]","{'hours-per-week': 5, 'capital-gain': 10, 'capital-loss': 5, 'workclass': 7, 'education': 16, 'relationship': 6, 'occupation': 14}",False,5,<function sequential_feature_selection_backward at 0x7f7d7f850dc0>,<function base_classifier at 0x7f7d7f851090>,adult_sequential_feature_selection_backward_base_classifier_race_5,base_model,0.6889645343630533,-0.0299659029900033,0.0223523232822541,0.0149829514950016,0.7012779552715654,0.7931790499390987,0.7846981646642589,
0,<__main__.NamedDataset object at 0x7f7d7f824b20>,"['workclass', 'relationship', 'occupation', 'education']","['hours-per-week', 'capital-gain', 'capital-loss']","['sex', 'race', 'age_bins', 'marital-status']","('sex', [1])",income-per-year,"[1, 10, 20]","{'hours-per-week': 5, 'capital-gain': 10, 'capital-loss': 5, 'workclass': 7, 'education': 16, 'relationship': 6, 'occupation': 14}",False,5,<function sequential_feature_selection_backward at 0x7f7d7f850dc0>,<function base_classifier at 0x7f7d7f851090>,adult_sequential_feature_selection_backward_base_classifier_sex_5,base_model,0.5228242642272904,-0.0518905933197699,0.0300670733169713,0.0259452966598849,0.7590072057646117,0.798912161065108,0.7952384462298223,
0,<__main__.NamedDataset object at 0x7f7d7f824b20>,"['workclass', 'relationship', 'occupation', 'education']","['hours-per-week', 'capital-gain', 'capital-loss']","['sex', 'race', 'age_bins', 'marital-status']","('age_bins', ['(38.9, 46.2]', '(46.2, 53.5]', '(53.5, 60.8]'])",income-per-year,"[1, 10, 20]","{'hours-per-week': 5, 'capital-gain': 10, 'capital-loss': 5, 'workclass': 7, 'education': 16, 'relationship': 6, 'occupation': 14}",False,5,<function sequential_feature_selection_backward at 0x7f7d7f850dc0>,<function fair_classifier_adversarial at 0x7f7d7f8511b0>,adult_sequential_feature_selection_backward_fair_classifier_adversarial_age_bins_5,fair_model_adversarial,0.4616854536769985,-0.0411980410837999,0.0065791989777438,0.005023936389408,0.906515580736544,0.7882746287224943,0.7944276553401637,
0,<__main__.NamedDataset object at 0x7f7d7f824b20>,"['workclass', 'relationship', 'occupation', 'education']","['hours-per-week', 'capital-gain', 'capital-loss']","['sex', 'race', 'age_bins', 'marital-status']","('marital-status', ['Married-civ-spouse'])",income-per-year,"[1, 10, 20]","{'hours-per-week': 5, 'capital-gain': 10, 'capital-loss': 5, 'workclass': 7, 'education': 16, 'relationship': 6, 'occupation': 14}",False,5,<function sequential_feature_selection_backward at 0x7f7d7f850dc0>,<function fair_classifier_adversarial at 0x7f7d7f8511b0>,adult_sequential_feature_selection_backward_fair_classifier_adversarial_marital-status_5,fair_model_adversarial,0.4760957302817769,-0.0185840234410531,0.1750595218320542,0.0876080929272921,0.9798270893371758,0.770196671709531,0.7755583400899241,
0,<__main__.NamedDataset object at 0x7f7d7f824b20>,"['workclass', 'relationship', 'occupation', 'education']","['hours-per-week', 'capital-gain', 'capital-loss']","['sex', 'race', 'age_bins', 'marital-status']","('race', ['White'])",income-per-year,"[1, 10, 20]","{'hours-per-week': 5, 'capital-gain': 10, 'capital-loss': 5, 'workclass': 7, 'education': 16, 'relationship': 6, 'occupation': 14}",False,5,<function sequential_feature_selection_backward at 0x7f7d7f850dc0>,<function fair_classifier_adversarial at 0x7f7d7f8511b0>,adult_sequential_feature_selection_backward_fair_classifier_adversarial_race_5,fair_model_adversarial,0.6797831409583771,-0.0237258696691503,0.0284818101632675,0.0169425830850732,0.8260416666666667,0.7982866661378599,0.8002506080931673,
0,<__main__.NamedDataset object at 0x7f7d7f824b20>,"['workclass', 'relationship', 'occupation', 'education']","['hours-per-week', 'capital-gain', 'capital-loss']","['sex', 'race', 'age_bins', 'marital-status']","('sex', [1])",income-per-year,"[1, 10, 20]","{'hours-per-week': 5, 'capital-gain': 10, 'capital-loss': 5, 'workclass': 7, 'education': 16, 'relationship': 6, 'occupation': 14}",False,5,<function sequential_feature_selection_backward at 0x7f7d7f850dc0>,<function fair_classifier_adversarial at 0x7f7d7f8511b0>,adult_sequential_feature_selection_backward_fair_classifier_adversarial_sex_5,fair_model_adversarial,0.5091018012767515,-0.0446368988418967,0.0275485376632404,0.0145075633149147,0.8396135265700483,0.8006702840727737,0.8036411881771947,
0,<__main__.NamedDataset object at 0x7f7d7f824b20>,"['workclass', 'relationship', 'occupation', 'education']","['hours-per-week', 'capital-gain', 'capital-loss']","['sex', 'race', 'age_bins', 'marital-status']","('age_bins', ['(38.9, 46.2]', '(46.2, 53.5]', '(53.5, 60.8]'])",income-per-year,"[1, 10, 20]","{'hours-per-week': 5, 'capital-gain': 10, 'capital-loss': 5, 'workclass': 7, 'education': 16, 'relationship': 6, 'occupation': 14}",False,5,<function sequential_feature_selection_backward at 0x7f7d7f850dc0>,<function fair_classifier at 0x7f7d7f851120>,adult_sequential_feature_selection_backward_fair_classifier_age_bins_5,fair_model,0.2206763279442392,-0.1215044158752636,-0.124240842408424,0.0920006762987608,0.7897977132805629,0.7983105390185036,0.7975971106361023,1.0
1,<__main__.NamedDataset object at 0x7f7d7f824b20>,"['workclass', 'relationship', 'occupation', 'education']","['hours-per-week', 'capital-gain', 'capital-loss']","['sex', 'race', 'age_bins', 'marital-status']","('age_bins', ['(38.9, 46.2]', '(46.2, 53.5]', '(53.5, 60.8]'])",income-per-year,"[1, 10, 20]","{'hours-per-week': 5, 'capital-gain': 10, 'capital-loss': 5, 'workclass': 7, 'education': 16, 'relationship': 6, 'occupation': 14}",False,5,<function sequential_feature_selection_backward at 0x7f7d7f850dc0>,<function fair_classifier at 0x7f7d7f851120>,adult_sequential_feature_selection_backward_fair_classifier_age_bins_5,fair_model,0.2236847403737248,-0.1232871949660291,-0.1222518225182252,0.0923689956405176,0.7822719449225474,0.7987908101571947,0.7973759858480136,10.0
2,<__main__.NamedDataset object at 0x7f7d7f824b20>,"['workclass', 'relationship', 'occupation', 'education']","['hours-per-week', 'capital-gain', 'capital-loss']","['sex', 'race', 'age_bins', 'marital-status']","('age_bins', ['(38.9, 46.2]', '(46.2, 53.5]', '(53.5, 60.8]'])",income-per-year,"[1, 10, 20]","{'hours-per-week': 5, 'capital-gain': 10, 'capital-loss': 5, 'workclass': 7, 'education': 16, 'relationship': 6, 'occupation': 14}",False,5,<function sequential_feature_selection_backward at 0x7f7d7f850dc0>,<function fair_classifier at 0x7f7d7f851120>,adult_sequential_feature_selection_backward_fair_classifier_age_bins_5,fair_model,0.2951708253926751,-0.0729618308014471,-0.0745855458554585,0.0447789623727631,0.9253365973072216,0.792235294117647,0.8002506080931673,20.0
0,<__main__.NamedDataset object at 0x7f7d7f824b20>,"['workclass', 'relationship', 'occupation', 'education']","['hours-per-week', 'capital-gain', 'capital-loss']","['sex', 'race', 'age_bins', 'marital-status']","('age_bins', ['(38.9, 46.2]', '(46.2, 53.5]', '(53.5, 60.8]'])",income-per-year,"[1, 10, 20]","{'hours-per-week': 5, 'capital-gain': 10, 'capital-loss': 5, 'workclass': 7, 'education': 16, 'relationship': 6, 'occupation': 14}",False,5,<function sequential_feature_selection_backward at 0x7f7d7f850dc0>,<function fair_classifier_lfr at 0x7f7d7f850430>,adult_sequential_feature_selection_backward_fair_classifier_lfr_age_bins_5,lfr_model,1.0145807020005075,0.0135895989513707,0.0,0.0067947994756853,1.0,1.0,1.0,
0,<__main__.NamedDataset object at 0x7f7d7f824b20>,"['workclass', 'relationship', 'occupation', 'education']","['hours-per-week', 'capital-gain', 'capital-loss']","['sex', 'race', 'age_bins', 'marital-status']","('marital-status', ['Married-civ-spouse'])",income-per-year,"[1, 10, 20]","{'hours-per-week': 5, 'capital-gain': 10, 'capital-loss': 5, 'workclass': 7, 'education': 16, 'relationship': 6, 'occupation': 14}",False,5,<function sequential_feature_selection_backward at 0x7f7d7f850dc0>,<function fair_classifier_lfr at 0x7f7d7f850430>,adult_sequential_feature_selection_backward_fair_classifier_lfr_marital-status_5,lfr_model,0.4044954779285221,-0.0666950160805847,0.0,0.0333475080402923,1.0,1.0,1.0,
0,<__main__.NamedDataset object at 0x7f7d7f824b20>,"['workclass', 'relationship', 'occupation', 'education']","['hours-per-week', 'capital-gain', 'capital-loss']","['sex', 'race', 'age_bins', 'marital-status']","('race', ['White'])",income-per-year,"[1, 10, 20]","{'hours-per-week': 5, 'capital-gain': 10, 'capital-loss': 5, 'workclass': 7, 'education': 16, 'relationship': 6, 'occupation': 14}",False,5,<function sequential_feature_selection_backward at 0x7f7d7f850dc0>,<function fair_classifier_lfr at 0x7f7d7f850430>,adult_sequential_feature_selection_backward_fair_classifier_lfr_race_5,lfr_model,0.6622434065464919,-0.0089708429927053,0.0182037115738773,0.0044854214963526,1.0,0.9956140350877192,0.9957249207636176,
0,<__main__.NamedDataset object at 0x7f7d7f824b20>,"['workclass', 'relationship', 'occupation', 'education']","['hours-per-week', 'capital-gain', 'capital-loss']","['sex', 'race', 'age_bins', 'marital-status']","('sex', [1])",income-per-year,"[1, 10, 20]","{'hours-per-week': 5, 'capital-gain': 10, 'capital-loss': 5, 'workclass': 7, 'education': 16, 'relationship': 6, 'occupation': 14}",False,5,<function sequential_feature_selection_backward at 0x7f7d7f850dc0>,<function fair_classifier_lfr at 0x7f7d7f850430>,adult_sequential_feature_selection_backward_fair_classifier_lfr_sex_5,lfr_model,1.0013217572482631,0.0012996678043546,0.0,0.0006498339021773,1.0,1.0,1.0,
0,<__main__.NamedDataset object at 0x7f7d7f824b20>,"['workclass', 'relationship', 'occupation', 'education']","['hours-per-week', 'capital-gain', 'capital-loss']","['sex', 'race', 'age_bins', 'marital-status']","('marital-status', ['Married-civ-spouse'])",income-per-year,"[1, 10, 20]","{'hours-per-week': 5, 'capital-gain': 10, 'capital-loss': 5, 'workclass': 7, 'education': 16, 'relationship': 6, 'occupation': 14}",False,5,<function sequential_feature_selection_backward at 0x7f7d7f850dc0>,<function fair_classifier at 0x7f7d7f851120>,adult_sequential_feature_selection_backward_fair_classifier_marital-status_5,fair_model,0.1038865997361605,-0.1528907105236285,-0.0444335717820668,0.0537114847478436,0.8169717138103162,0.8073594824100283,0.8082111004643621,1.0
1,<__main__.NamedDataset object at 0x7f7d7f824b20>,"['workclass', 'relationship', 'occupation', 'education']","['hours-per-week', 'capital-gain', 'capital-loss']","['sex', 'race', 'age_bins', 'marital-status']","('marital-status', ['Married-civ-spouse'])",income-per-year,"[1, 10, 20]","{'hours-per-week': 5, 'capital-gain': 10, 'capital-loss': 5, 'workclass': 7, 'education': 16, 'relationship': 6, 'occupation': 14}",False,5,<function sequential_feature_selection_backward at 0x7f7d7f850dc0>,<function fair_classifier at 0x7f7d7f851120>,adult_sequential_feature_selection_backward_fair_classifier_marital-status_5,fair_model,0.1968001536582313,-0.0487871428371053,0.0410424258784361,0.0223462245700709,0.9637526652452024,0.7776759810658116,0.7841084985626888,10.0
2,<__main__.NamedDataset object at 0x7f7d7f824b20>,"['workclass', 'relationship', 'occupation', 'education']","['hours-per-week', 'capital-gain', 'capital-loss']","['sex', 'race', 'age_bins', 'marital-status']","('marital-status', ['Married-civ-spouse'])",income-per-year,"[1, 10, 20]","{'hours-per-week': 5, 'capital-gain': 10, 'capital-loss': 5, 'workclass': 7, 'education': 16, 'relationship': 6, 'occupation': 14}",False,5,<function sequential_feature_selection_backward at 0x7f7d7f850dc0>,<function fair_classifier at 0x7f7d7f851120>,adult_sequential_feature_selection_backward_fair_classifier_marital-status_5,fair_model,0.2728771640560593,-0.0307544401909823,0.0716049174427498,0.0360197533104271,0.9828571428571428,0.77150639328138,0.7769587970811528,20.0
0,<__main__.NamedDataset object at 0x7f7d7f824b20>,"['workclass', 'relationship', 'occupation', 'education']","['hours-per-week', 'capital-gain', 'capital-loss']","['sex', 'race', 'age_bins', 'marital-status']","('race', ['White'])",income-per-year,"[1, 10, 20]","{'hours-per-week': 5, 'capital-gain': 10, 'capital-loss': 5, 'workclass': 7, 'education': 16, 'relationship': 6, 'occupation': 14}",False,5,<function sequential_feature_selection_backward at 0x7f7d7f850dc0>,<function fair_classifier at 0x7f7d7f851120>,adult_sequential_feature_selection_backward_fair_classifier_race_5,fair_model,0.4706190975865687,-0.0542954771706083,-0.0361490273656445,0.0315215663729256,0.7406832298136646,0.8062545809919375,0.8000294833050785,1.0
1,<__main__.NamedDataset object at 0x7f7d7f824b20>,"['workclass', 'relationship', 'occupation', 'education']","['hours-per-week', 'capital-gain', 'capital-loss']","['sex', 'race', 'age_bins', 'marital-status']","('race', ['White'])",income-per-year,"[1, 10, 20]","{'hours-per-week': 5, 'capital-gain': 10, 'capital-loss': 5, 'workclass': 7, 'education': 16, 'relationship': 6, 'occupation': 14}",False,5,<function sequential_feature_selection_backward at 0x7f7d7f850dc0>,<function fair_classifier at 0x7f7d7f851120>,adult_sequential_feature_selection_backward_fair_classifier_race_5,fair_model,0.4706190975865687,-0.0542954771706083,-0.0361490273656445,0.0315215663729256,0.7406832298136646,0.8062545809919375,0.8000294833050785,10.0
2,<__main__.NamedDataset object at 0x7f7d7f824b20>,"['workclass', 'relationship', 'occupation', 'education']","['hours-per-week', 'capital-gain', 'capital-loss']","['sex', 'race', 'age_bins', 'marital-status']","('race', ['White'])",income-per-year,"[1, 10, 20]","{'hours-per-week': 5, 'capital-gain': 10, 'capital-loss': 5, 'workclass': 7, 'education': 16, 'relationship': 6, 'occupation': 14}",False,5,<function sequential_feature_selection_backward at 0x7f7d7f850dc0>,<function fair_classifier at 0x7f7d7f851120>,adult_sequential_feature_selection_backward_fair_classifier_race_5,fair_model,0.4706190975865687,-0.0542954771706083,-0.0361490273656445,0.0315215663729256,0.7406832298136646,0.8062545809919375,0.8000294833050785,20.0
0,<__main__.NamedDataset object at 0x7f7d7f824b20>,"['workclass', 'relationship', 'occupation', 'education']","['hours-per-week', 'capital-gain', 'capital-loss']","['sex', 'race', 'age_bins', 'marital-status']","('sex', [1])",income-per-year,"[1, 10, 20]","{'hours-per-week': 5, 'capital-gain': 10, 'capital-loss': 5, 'workclass': 7, 'education': 16, 'relationship': 6, 'occupation': 14}",False,5,<function sequential_feature_selection_backward at 0x7f7d7f850dc0>,<function fair_classifier at 0x7f7d7f851120>,adult_sequential_feature_selection_backward_fair_classifier_sex_5,fair_model,0.2198011016690413,-0.0978741103060866,-0.0799774768940473,0.0632182366592431,0.7445141065830722,0.8013993979334473,0.7960492371194811,1.0
1,<__main__.NamedDataset object at 0x7f7d7f824b20>,"['workclass', 'relationship', 'occupation', 'education']","['hours-per-week', 'capital-gain', 'capital-loss']","['sex', 'race', 'age_bins', 'marital-status']","('sex', [1])",income-per-year,"[1, 10, 20]","{'hours-per-week': 5, 'capital-gain': 10, 'capital-loss': 5, 'workclass': 7, 'education': 16, 'relationship': 6, 'occupation': 14}",False,5,<function sequential_feature_selection_backward at 0x7f7d7f850dc0>,<function fair_classifier at 0x7f7d7f851120>,adult_sequential_feature_selection_backward_fair_classifier_sex_5,fair_model,0.2198011016690413,-0.0978741103060866,-0.0799774768940473,0.0632182366592431,0.7445141065830722,0.8013993979334473,0.7960492371194811,10.0
2,<__main__.NamedDataset object at 0x7f7d7f824b20>,"['workclass', 'relationship', 'occupation', 'education']","['hours-per-week', 'capital-gain', 'capital-loss']","['sex', 'race', 'age_bins', 'marital-status']","('sex', [1])",income-per-year,"[1, 10, 20]","{'hours-per-week': 5, 'capital-gain': 10, 'capital-loss': 5, 'workclass': 7, 'education': 16, 'relationship': 6, 'occupation': 14}",False,5,<function sequential_feature_selection_backward at 0x7f7d7f850dc0>,<function fair_classifier at 0x7f7d7f851120>,adult_sequential_feature_selection_backward_fair_classifier_sex_5,fair_model,0.2198011016690413,-0.0978741103060866,-0.0799774768940473,0.0632182366592431,0.7445141065830722,0.8013993979334473,0.7960492371194811,20.0
0,<__main__.NamedDataset object at 0x7f7d7f824b20>,"['workclass', 'relationship', 'occupation', 'education']","['hours-per-week', 'capital-gain', 'capital-loss']","['sex', 'race', 'age_bins', 'marital-status']","('age_bins', ['(38.9, 46.2]', '(46.2, 53.5]', '(53.5, 60.8]'])",income-per-year,"[1, 10, 20]","{'hours-per-week': 5, 'capital-gain': 10, 'capital-loss': 5, 'workclass': 7, 'education': 16, 'relationship': 6, 'occupation': 14}",False,5,<function sequential_feature_selection_forward at 0x7f7d7f8508b0>,<function base_classifier at 0x7f7d7f851090>,adult_sequential_feature_selection_forward_base_classifier_age_bins_5,base_model,0.489068716621011,-0.0671416109568543,-0.0181491464510332,0.0335708054784271,0.7590072057646117,0.798912161065108,0.7952384462298223,
0,<__main__.NamedDataset object at 0x7f7d7f824b20>,"['workclass', 'relationship', 'occupation', 'education']","['hours-per-week', 'capital-gain', 'capital-loss']","['sex', 'race', 'age_bins', 'marital-status']","('marital-status', ['Married-civ-spouse'])",income-per-year,"[1, 10, 20]","{'hours-per-week': 5, 'capital-gain': 10, 'capital-loss': 5, 'workclass': 7, 'education': 16, 'relationship': 6, 'occupation': 14}",False,5,<function sequential_feature_selection_forward at 0x7f7d7f8508b0>,<function base_classifier at 0x7f7d7f851090>,adult_sequential_feature_selection_forward_base_classifier_marital-status_5,base_model,0.3236020841903195,-0.096763797212605,0.0518933497374843,0.0508565098607174,0.7590072057646117,0.798912161065108,0.7952384462298223,
0,<__main__.NamedDataset object at 0x7f7d7f824b20>,"['workclass', 'relationship', 'occupation', 'education']","['hours-per-week', 'capital-gain', 'capital-loss']","['sex', 'race', 'age_bins', 'marital-status']","('race', ['White'])",income-per-year,"[1, 10, 20]","{'hours-per-week': 5, 'capital-gain': 10, 'capital-loss': 5, 'workclass': 7, 'education': 16, 'relationship': 6, 'occupation': 14}",False,5,<function sequential_feature_selection_forward at 0x7f7d7f8508b0>,<function base_classifier at 0x7f7d7f851090>,adult_sequential_feature_selection_forward_base_classifier_race_5,base_model,0.6889645343630533,-0.0299659029900033,0.0223523232822541,0.0149829514950016,0.7012779552715654,0.7931790499390987,0.7846981646642589,
0,<__main__.NamedDataset object at 0x7f7d7f824b20>,"['workclass', 'relationship', 'occupation', 'education']","['hours-per-week', 'capital-gain', 'capital-loss']","['sex', 'race', 'age_bins', 'marital-status']","('sex', [1])",income-per-year,"[1, 10, 20]","{'hours-per-week': 5, 'capital-gain': 10, 'capital-loss': 5, 'workclass': 7, 'education': 16, 'relationship': 6, 'occupation': 14}",False,5,<function sequential_feature_selection_forward at 0x7f7d7f8508b0>,<function base_classifier at 0x7f7d7f851090>,adult_sequential_feature_selection_forward_base_classifier_sex_5,base_model,0.5228242642272904,-0.0518905933197699,0.0300670733169713,0.0259452966598849,0.7590072057646117,0.798912161065108,0.7952384462298223,
0,<__main__.NamedDataset object at 0x7f7d7f824b20>,"['workclass', 'relationship', 'occupation', 'education']","['hours-per-week', 'capital-gain', 'capital-loss']","['sex', 'race', 'age_bins', 'marital-status']","('age_bins', ['(38.9, 46.2]', '(46.2, 53.5]', '(53.5, 60.8]'])",income-per-year,"[1, 10, 20]","{'hours-per-week': 5, 'capital-gain': 10, 'capital-loss': 5, 'workclass': 7, 'education': 16, 'relationship': 6, 'occupation': 14}",False,5,<function sequential_feature_selection_forward at 0x7f7d7f8508b0>,<function fair_classifier_adversarial at 0x7f7d7f8511b0>,adult_sequential_feature_selection_forward_fair_classifier_adversarial_age_bins_5,fair_model_adversarial,0.7111605100621373,-0.0195439450605411,0.0561222313621546,0.0344328737010728,0.8657894736842106,0.7902709455766378,0.7945013636028598,
0,<__main__.NamedDataset object at 0x7f7d7f824b20>,"['workclass', 'relationship', 'occupation', 'education']","['hours-per-week', 'capital-gain', 'capital-loss']","['sex', 'race', 'age_bins', 'marital-status']","('marital-status', ['Married-civ-spouse'])",income-per-year,"[1, 10, 20]","{'hours-per-week': 5, 'capital-gain': 10, 'capital-loss': 5, 'workclass': 7, 'education': 16, 'relationship': 6, 'occupation': 14}",False,5,<function sequential_feature_selection_forward at 0x7f7d7f8508b0>,<function fair_classifier_adversarial at 0x7f7d7f8511b0>,adult_sequential_feature_selection_forward_fair_classifier_adversarial_marital-status_5,fair_model_adversarial,1.902403327998955,0.0096660308514676,0.2287138756997096,0.1154647079990974,0.8888888888888888,0.7656355329188825,0.7675978477187293,
0,<__main__.NamedDataset object at 0x7f7d7f824b20>,"['workclass', 'relationship', 'occupation', 'education']","['hours-per-week', 'capital-gain', 'capital-loss']","['sex', 'race', 'age_bins', 'marital-status']","('race', ['White'])",income-per-year,"[1, 10, 20]","{'hours-per-week': 5, 'capital-gain': 10, 'capital-loss': 5, 'workclass': 7, 'education': 16, 'relationship': 6, 'occupation': 14}",False,5,<function sequential_feature_selection_forward at 0x7f7d7f8508b0>,<function fair_classifier_adversarial at 0x7f7d7f8511b0>,adult_sequential_feature_selection_forward_fair_classifier_adversarial_race_5,fair_model_adversarial,0.9118133721412544,-0.0063291478092852,0.0546595997959299,0.03159233952131,0.8440748440748441,0.7973026576755256,0.8006191494066485,
0,<__main__.NamedDataset object at 0x7f7d7f824b20>,"['workclass', 'relationship', 'occupation', 'education']","['hours-per-week', 'capital-gain', 'capital-loss']","['sex', 'race', 'age_bins', 'marital-status']","('sex', [1])",income-per-year,"[1, 10, 20]","{'hours-per-week': 5, 'capital-gain': 10, 'capital-loss': 5, 'workclass': 7, 'education': 16, 'relationship': 6, 'occupation': 14}",False,5,<function sequential_feature_selection_forward at 0x7f7d7f8508b0>,<function fair_classifier_adversarial at 0x7f7d7f8511b0>,adult_sequential_feature_selection_forward_fair_classifier_adversarial_sex_5,fair_model_adversarial,0.7217372571866157,-0.0176741781149624,0.0775034107456053,0.0439904554711194,0.8649681528662421,0.7894695665780003,0.7938379892385936,
0,<__main__.NamedDataset object at 0x7f7d7f824b20>,"['workclass', 'relationship', 'occupation', 'education']","['hours-per-week', 'capital-gain', 'capital-loss']","['sex', 'race', 'age_bins', 'marital-status']","('age_bins', ['(38.9, 46.2]', '(46.2, 53.5]', '(53.5, 60.8]'])",income-per-year,"[1, 10, 20]","{'hours-per-week': 5, 'capital-gain': 10, 'capital-loss': 5, 'workclass': 7, 'education': 16, 'relationship': 6, 'occupation': 14}",False,5,<function sequential_feature_selection_forward at 0x7f7d7f8508b0>,<function fair_classifier at 0x7f7d7f851120>,adult_sequential_feature_selection_forward_fair_classifier_age_bins_5,fair_model,0.2009165354225875,-0.1247014627304304,-0.1364294089670458,0.0975616022084041,0.7850045167118338,0.8004815409309791,0.7992186924154198,1.0
1,<__main__.NamedDataset object at 0x7f7d7f824b20>,"['workclass', 'relationship', 'occupation', 'education']","['hours-per-week', 'capital-gain', 'capital-loss']","['sex', 'race', 'age_bins', 'marital-status']","('age_bins', ['(38.9, 46.2]', '(46.2, 53.5]', '(53.5, 60.8]'])",income-per-year,"[1, 10, 20]","{'hours-per-week': 5, 'capital-gain': 10, 'capital-loss': 5, 'workclass': 7, 'education': 16, 'relationship': 6, 'occupation': 14}",False,5,<function sequential_feature_selection_forward at 0x7f7d7f8508b0>,<function fair_classifier at 0x7f7d7f851120>,adult_sequential_feature_selection_forward_fair_classifier_age_bins_5,fair_model,0.2062972217137944,-0.1263302995076836,-0.1330115789694089,0.0973882453782808,0.7746478873239436,0.800900973373019,0.7987027345765461,10.0
2,<__main__.NamedDataset object at 0x7f7d7f824b20>,"['workclass', 'relationship', 'occupation', 'education']","['hours-per-week', 'capital-gain', 'capital-loss']","['sex', 'race', 'age_bins', 'marital-status']","('age_bins', ['(38.9, 46.2]', '(46.2, 53.5]', '(53.5, 60.8]'])",income-per-year,"[1, 10, 20]","{'hours-per-week': 5, 'capital-gain': 10, 'capital-loss': 5, 'workclass': 7, 'education': 16, 'relationship': 6, 'occupation': 14}",False,5,<function sequential_feature_selection_forward at 0x7f7d7f8508b0>,<function fair_classifier at 0x7f7d7f851120>,adult_sequential_feature_selection_forward_fair_classifier_age_bins_5,fair_model,0.3499706317630031,-0.0541096528627577,-0.0427552174160143,0.0237866682556372,0.934876989869754,0.7896085740913327,0.7970074445345323,20.0
0,<__main__.NamedDataset object at 0x7f7d7f824b20>,"['workclass', 'relationship', 'occupation', 'education']","['hours-per-week', 'capital-gain', 'capital-loss']","['sex', 'race', 'age_bins', 'marital-status']","('age_bins', ['(38.9, 46.2]', '(46.2, 53.5]', '(53.5, 60.8]'])",income-per-year,"[1, 10, 20]","{'hours-per-week': 5, 'capital-gain': 10, 'capital-loss': 5, 'workclass': 7, 'education': 16, 'relationship': 6, 'occupation': 14}",False,5,<function sequential_feature_selection_forward at 0x7f7d7f8508b0>,<function fair_classifier_lfr at 0x7f7d7f850430>,adult_sequential_feature_selection_forward_fair_classifier_lfr_age_bins_5,lfr_model,0.5199501694080724,-0.0491697640891528,0.0,0.0245848820445764,1.0,1.0,1.0,
0,<__main__.NamedDataset object at 0x7f7d7f824b20>,"['workclass', 'relationship', 'occupation', 'education']","['hours-per-week', 'capital-gain', 'capital-loss']","['sex', 'race', 'age_bins', 'marital-status']","('marital-status', ['Married-civ-spouse'])",income-per-year,"[1, 10, 20]","{'hours-per-week': 5, 'capital-gain': 10, 'capital-loss': 5, 'workclass': 7, 'education': 16, 'relationship': 6, 'occupation': 14}",False,5,<function sequential_feature_selection_forward at 0x7f7d7f8508b0>,<function fair_classifier_lfr at 0x7f7d7f850430>,adult_sequential_feature_selection_forward_fair_classifier_lfr_marital-status_5,lfr_model,0.3422653598236438,-0.0581210344385999,0.0,0.0290605172192999,1.0,1.0,1.0,
0,<__main__.NamedDataset object at 0x7f7d7f824b20>,"['workclass', 'relationship', 'occupation', 'education']","['hours-per-week', 'capital-gain', 'capital-loss']","['sex', 'race', 'age_bins', 'marital-status']","('race', ['White'])",income-per-year,"[1, 10, 20]","{'hours-per-week': 5, 'capital-gain': 10, 'capital-loss': 5, 'workclass': 7, 'education': 16, 'relationship': 6, 'occupation': 14}",False,5,<function sequential_feature_selection_forward at 0x7f7d7f8508b0>,<function fair_classifier_lfr at 0x7f7d7f850430>,adult_sequential_feature_selection_forward_fair_classifier_lfr_race_5,lfr_model,0.5242153192714708,-0.0023685101263629,0.0,0.0011842550631814,1.0,1.0,1.0,
0,<__main__.NamedDataset object at 0x7f7d7f824b20>,"['workclass', 'relationship', 'occupation', 'education']","['hours-per-week', 'capital-gain', 'capital-loss']","['sex', 'race', 'age_bins', 'marital-status']","('sex', [1])",income-per-year,"[1, 10, 20]","{'hours-per-week': 5, 'capital-gain': 10, 'capital-loss': 5, 'workclass': 7, 'education': 16, 'relationship': 6, 'occupation': 14}",False,5,<function sequential_feature_selection_forward at 0x7f7d7f8508b0>,<function fair_classifier_lfr at 0x7f7d7f850430>,adult_sequential_feature_selection_forward_fair_classifier_lfr_sex_5,lfr_model,0.3999353427278282,-0.0334173257941529,0.0,0.0167086628970764,1.0,1.0,1.0,
0,<__main__.NamedDataset object at 0x7f7d7f824b20>,"['workclass', 'relationship', 'occupation', 'education']","['hours-per-week', 'capital-gain', 'capital-loss']","['sex', 'race', 'age_bins', 'marital-status']","('marital-status', ['Married-civ-spouse'])",income-per-year,"[1, 10, 20]","{'hours-per-week': 5, 'capital-gain': 10, 'capital-loss': 5, 'workclass': 7, 'education': 16, 'relationship': 6, 'occupation': 14}",False,5,<function sequential_feature_selection_forward at 0x7f7d7f8508b0>,<function fair_classifier at 0x7f7d7f851120>,adult_sequential_feature_selection_forward_fair_classifier_marital-status_5,fair_model,0.0959559191860555,-0.1493613141595032,-0.0510301749100629,0.0608240843476177,0.7858376511226253,0.8044161495688613,0.8028303972875359,1.0
1,<__main__.NamedDataset object at 0x7f7d7f824b20>,"['workclass', 'relationship', 'occupation', 'education']","['hours-per-week', 'capital-gain', 'capital-loss']","['sex', 'race', 'age_bins', 'marital-status']","('marital-status', ['Married-civ-spouse'])",income-per-year,"[1, 10, 20]","{'hours-per-week': 5, 'capital-gain': 10, 'capital-loss': 5, 'workclass': 7, 'education': 16, 'relationship': 6, 'occupation': 14}",False,5,<function sequential_feature_selection_forward at 0x7f7d7f8508b0>,<function fair_classifier at 0x7f7d7f851120>,adult_sequential_feature_selection_forward_fair_classifier_marital-status_5,fair_model,0.1722040370976541,-0.061629035730097,0.036553236164246,0.0251912650179493,0.9094138543516874,0.7827591510304521,0.78801503648559,10.0
2,<__main__.NamedDataset object at 0x7f7d7f824b20>,"['workclass', 'relationship', 'occupation', 'education']","['hours-per-week', 'capital-gain', 'capital-loss']","['sex', 'race', 'age_bins', 'marital-status']","('marital-status', ['Married-civ-spouse'])",income-per-year,"[1, 10, 20]","{'hours-per-week': 5, 'capital-gain': 10, 'capital-loss': 5, 'workclass': 7, 'education': 16, 'relationship': 6, 'occupation': 14}",False,5,<function sequential_feature_selection_forward at 0x7f7d7f8508b0>,<function fair_classifier at 0x7f7d7f851120>,adult_sequential_feature_selection_forward_fair_classifier_marital-status_5,fair_model,0.207339070520383,-0.0400536728186278,0.0449678052510106,0.0252186706336868,0.9443037974683544,0.7749772244154267,0.7799071275890027,20.0
0,<__main__.NamedDataset object at 0x7f7d7f824b20>,"['workclass', 'relationship', 'occupation', 'education']","['hours-per-week', 'capital-gain', 'capital-loss']","['sex', 'race', 'age_bins', 'marital-status']","('race', ['White'])",income-per-year,"[1, 10, 20]","{'hours-per-week': 5, 'capital-gain': 10, 'capital-loss': 5, 'workclass': 7, 'education': 16, 'relationship': 6, 'occupation': 14}",False,5,<function sequential_feature_selection_forward at 0x7f7d7f8508b0>,<function fair_classifier at 0x7f7d7f851120>,adult_sequential_feature_selection_forward_fair_classifier_race_5,fair_model,0.4473096474998868,-0.0573479579194273,-0.0502187616696113,0.0392798768240592,0.7182448036951501,0.8041245516791653,0.7959018205940886,1.0
1,<__main__.NamedDataset object at 0x7f7d7f824b20>,"['workclass', 'relationship', 'occupation', 'education']","['hours-per-week', 'capital-gain', 'capital-loss']","['sex', 'race', 'age_bins', 'marital-status']","('race', ['White'])",income-per-year,"[1, 10, 20]","{'hours-per-week': 5, 'capital-gain': 10, 'capital-loss': 5, 'workclass': 7, 'education': 16, 'relationship': 6, 'occupation': 14}",False,5,<function sequential_feature_selection_forward at 0x7f7d7f8508b0>,<function fair_classifier at 0x7f7d7f851120>,adult_sequential_feature_selection_forward_fair_classifier_race_5,fair_model,0.4473096474998868,-0.0573479579194273,-0.0502187616696113,0.0392798768240592,0.7182448036951501,0.8041245516791653,0.7959018205940886,10.0
2,<__main__.NamedDataset object at 0x7f7d7f824b20>,"['workclass', 'relationship', 'occupation', 'education']","['hours-per-week', 'capital-gain', 'capital-loss']","['sex', 'race', 'age_bins', 'marital-status']","('race', ['White'])",income-per-year,"[1, 10, 20]","{'hours-per-week': 5, 'capital-gain': 10, 'capital-loss': 5, 'workclass': 7, 'education': 16, 'relationship': 6, 'occupation': 14}",False,5,<function sequential_feature_selection_forward at 0x7f7d7f8508b0>,<function fair_classifier at 0x7f7d7f851120>,adult_sequential_feature_selection_forward_fair_classifier_race_5,fair_model,0.4473096474998868,-0.0573479579194273,-0.0502187616696113,0.0392798768240592,0.7182448036951501,0.8041245516791653,0.7959018205940886,20.0
0,<__main__.NamedDataset object at 0x7f7d7f824b20>,"['workclass', 'relationship', 'occupation', 'education']","['hours-per-week', 'capital-gain', 'capital-loss']","['sex', 'race', 'age_bins', 'marital-status']","('sex', [1])",income-per-year,"[1, 10, 20]","{'hours-per-week': 5, 'capital-gain': 10, 'capital-loss': 5, 'workclass': 7, 'education': 16, 'relationship': 6, 'occupation': 14}",False,5,<function sequential_feature_selection_forward at 0x7f7d7f8508b0>,<function fair_classifier at 0x7f7d7f851120>,adult_sequential_feature_selection_forward_fair_classifier_sex_5,fair_model,0.2215506438107027,-0.0983563505748823,-0.0803258679668403,0.0647000912010799,0.7277691107644306,0.7957671957671958,0.7893417852141225,1.0
1,<__main__.NamedDataset object at 0x7f7d7f824b20>,"['workclass', 'relationship', 'occupation', 'education']","['hours-per-week', 'capital-gain', 'capital-loss']","['sex', 'race', 'age_bins', 'marital-status']","('sex', [1])",income-per-year,"[1, 10, 20]","{'hours-per-week': 5, 'capital-gain': 10, 'capital-loss': 5, 'workclass': 7, 'education': 16, 'relationship': 6, 'occupation': 14}",False,5,<function sequential_feature_selection_forward at 0x7f7d7f8508b0>,<function fair_classifier at 0x7f7d7f851120>,adult_sequential_feature_selection_forward_fair_classifier_sex_5,fair_model,0.2215506438107027,-0.0983563505748823,-0.0803258679668403,0.0647000912010799,0.7277691107644306,0.7957671957671958,0.7893417852141225,10.0
2,<__main__.NamedDataset object at 0x7f7d7f824b20>,"['workclass', 'relationship', 'occupation', 'education']","['hours-per-week', 'capital-gain', 'capital-loss']","['sex', 'race', 'age_bins', 'marital-status']","('sex', [1])",income-per-year,"[1, 10, 20]","{'hours-per-week': 5, 'capital-gain': 10, 'capital-loss': 5, 'workclass': 7, 'education': 16, 'relationship': 6, 'occupation': 14}",False,5,<function sequential_feature_selection_forward at 0x7f7d7f8508b0>,<function fair_classifier at 0x7f7d7f851120>,adult_sequential_feature_selection_forward_fair_classifier_sex_5,fair_model,0.2215506438107027,-0.0983563505748823,-0.0803258679668403,0.0647000912010799,0.7277691107644306,0.7957671957671958,0.7893417852141225,20.0
0,<__main__.NamedDataset object at 0x7f7d7f824b20>,"['workclass', 'relationship', 'occupation', 'education']","['hours-per-week', 'capital-gain', 'capital-loss']","['sex', 'race', 'age_bins', 'marital-status']","('age_bins', ['(38.9, 46.2]', '(46.2, 53.5]', '(53.5, 60.8]'])",income-per-year,"[1, 10, 20]","{'hours-per-week': 5, 'capital-gain': 10, 'capital-loss': 5, 'workclass': 7, 'education': 16, 'relationship': 6, 'occupation': 14}",False,5,<function sufficiency_criteria at 0x7f7d7f851000>,<function base_classifier at 0x7f7d7f851090>,adult_sufficiency_criteria_base_classifier_age_bins_5,base_model,0.5917868566591997,-0.0215155075549994,0.0019407008086253,0.0107577537774997,0.4724264705882353,0.7567380787836904,0.7453379523844623,
0,<__main__.NamedDataset object at 0x7f7d7f824b20>,"['workclass', 'relationship', 'occupation', 'education']","['hours-per-week', 'capital-gain', 'capital-loss']","['sex', 'race', 'age_bins', 'marital-status']","('marital-status', ['Married-civ-spouse'])",income-per-year,"[1, 10, 20]","{'hours-per-week': 5, 'capital-gain': 10, 'capital-loss': 5, 'workclass': 7, 'education': 16, 'relationship': 6, 'occupation': 14}",False,5,<function sufficiency_criteria at 0x7f7d7f851000>,<function base_classifier at 0x7f7d7f851090>,adult_sufficiency_criteria_base_classifier_marital-status_5,base_model,0.1091782856318938,-0.0673287410734816,-0.0674938585168838,0.0336643705367408,0.4724264705882353,0.7567380787836904,0.7453379523844623,
0,<__main__.NamedDataset object at 0x7f7d7f824b20>,"['workclass', 'relationship', 'occupation', 'education']","['hours-per-week', 'capital-gain', 'capital-loss']","['sex', 'race', 'age_bins', 'marital-status']","('race', ['White'])",income-per-year,"[1, 10, 20]","{'hours-per-week': 5, 'capital-gain': 10, 'capital-loss': 5, 'workclass': 7, 'education': 16, 'relationship': 6, 'occupation': 14}",False,5,<function sufficiency_criteria at 0x7f7d7f851000>,<function base_classifier at 0x7f7d7f851090>,adult_sufficiency_criteria_base_classifier_race_5,base_model,0.4657032234248272,-0.0230956147773563,-0.0063698273427017,0.0115478073886781,0.4724264705882353,0.7567380787836904,0.7453379523844623,
0,<__main__.NamedDataset object at 0x7f7d7f824b20>,"['workclass', 'relationship', 'occupation', 'education']","['hours-per-week', 'capital-gain', 'capital-loss']","['sex', 'race', 'age_bins', 'marital-status']","('sex', [1])",income-per-year,"[1, 10, 20]","{'hours-per-week': 5, 'capital-gain': 10, 'capital-loss': 5, 'workclass': 7, 'education': 16, 'relationship': 6, 'occupation': 14}",False,5,<function sufficiency_criteria at 0x7f7d7f851000>,<function base_classifier at 0x7f7d7f851090>,adult_sufficiency_criteria_base_classifier_sex_5,base_model,0.0680732425197083,-0.0533541989345044,-0.0815012751125216,0.0266770994672522,0.4724264705882353,0.7567380787836904,0.7453379523844623,
0,<__main__.NamedDataset object at 0x7f7d7f824b20>,"['workclass', 'relationship', 'occupation', 'education']","['hours-per-week', 'capital-gain', 'capital-loss']","['sex', 'race', 'age_bins', 'marital-status']","('age_bins', ['(38.9, 46.2]', '(46.2, 53.5]', '(53.5, 60.8]'])",income-per-year,"[1, 10, 20]","{'hours-per-week': 5, 'capital-gain': 10, 'capital-loss': 5, 'workclass': 7, 'education': 16, 'relationship': 6, 'occupation': 14}",False,5,<function sufficiency_criteria at 0x7f7d7f851000>,<function fair_classifier_adversarial at 0x7f7d7f8511b0>,adult_sufficiency_criteria_fair_classifier_adversarial_age_bins_5,fair_model_adversarial,1.1190718709855694,0.0146779866798967,0.2133180252583237,0.122269270138517,0.6439732142857143,0.8075583864118896,0.7859512051300951,
0,<__main__.NamedDataset object at 0x7f7d7f824b20>,"['workclass', 'relationship', 'occupation', 'education']","['hours-per-week', 'capital-gain', 'capital-loss']","['sex', 'race', 'age_bins', 'marital-status']","('marital-status', ['Married-civ-spouse'])",income-per-year,"[1, 10, 20]","{'hours-per-week': 5, 'capital-gain': 10, 'capital-loss': 5, 'workclass': 7, 'education': 16, 'relationship': 6, 'occupation': 14}",False,5,<function sufficiency_criteria at 0x7f7d7f851000>,<function fair_classifier_adversarial at 0x7f7d7f8511b0>,adult_sufficiency_criteria_fair_classifier_adversarial_marital-status_5,fair_model_adversarial,1.8541074872154144,0.0409177707547094,0.2812185352588836,0.1655753160698879,0.4251054852320675,0.7652745859418337,0.7415051227242574,
0,<__main__.NamedDataset object at 0x7f7d7f824b20>,"['workclass', 'relationship', 'occupation', 'education']","['hours-per-week', 'capital-gain', 'capital-loss']","['sex', 'race', 'age_bins', 'marital-status']","('race', ['White'])",income-per-year,"[1, 10, 20]","{'hours-per-week': 5, 'capital-gain': 10, 'capital-loss': 5, 'workclass': 7, 'education': 16, 'relationship': 6, 'occupation': 14}",False,5,<function sufficiency_criteria at 0x7f7d7f851000>,<function fair_classifier_adversarial at 0x7f7d7f8511b0>,adult_sufficiency_criteria_fair_classifier_adversarial_race_5,fair_model_adversarial,0.7392975057570125,-0.0509341633996582,0.1001350734342896,0.0620486332610765,0.62451057165231,0.839371651684373,0.7989238593646347,
0,<__main__.NamedDataset object at 0x7f7d7f824b20>,"['workclass', 'relationship', 'occupation', 'education']","['hours-per-week', 'capital-gain', 'capital-loss']","['sex', 'race', 'age_bins', 'marital-status']","('sex', [1])",income-per-year,"[1, 10, 20]","{'hours-per-week': 5, 'capital-gain': 10, 'capital-loss': 5, 'workclass': 7, 'education': 16, 'relationship': 6, 'occupation': 14}",False,5,<function sufficiency_criteria at 0x7f7d7f851000>,<function fair_classifier_adversarial at 0x7f7d7f8511b0>,adult_sufficiency_criteria_fair_classifier_adversarial_sex_5,fair_model_adversarial,5.803381621621622,0.0966738033072236,0.4948475357779807,0.2750180712179339,0.5617816091954023,0.7717349079325616,0.760964104076067,
0,<__main__.NamedDataset object at 0x7f7d7f824b20>,"['workclass', 'relationship', 'occupation', 'education']","['hours-per-week', 'capital-gain', 'capital-loss']","['sex', 'race', 'age_bins', 'marital-status']","('age_bins', ['(38.9, 46.2]', '(46.2, 53.5]', '(53.5, 60.8]'])",income-per-year,"[1, 10, 20]","{'hours-per-week': 5, 'capital-gain': 10, 'capital-loss': 5, 'workclass': 7, 'education': 16, 'relationship': 6, 'occupation': 14}",False,5,<function sufficiency_criteria at 0x7f7d7f851000>,<function fair_classifier at 0x7f7d7f851120>,adult_sufficiency_criteria_fair_classifier_age_bins_5,fair_model,0.0759500387682524,-0.116127131365176,-0.177201027799226,0.1257850219460143,0.5714285714285714,0.7740223245648271,0.7627331023807769,1.0
1,<__main__.NamedDataset object at 0x7f7d7f824b20>,"['workclass', 'relationship', 'occupation', 'education']","['hours-per-week', 'capital-gain', 'capital-loss']","['sex', 'race', 'age_bins', 'marital-status']","('age_bins', ['(38.9, 46.2]', '(46.2, 53.5]', '(53.5, 60.8]'])",income-per-year,"[1, 10, 20]","{'hours-per-week': 5, 'capital-gain': 10, 'capital-loss': 5, 'workclass': 7, 'education': 16, 'relationship': 6, 'occupation': 14}",False,5,<function sufficiency_criteria at 0x7f7d7f851000>,<function fair_classifier at 0x7f7d7f851120>,adult_sufficiency_criteria_fair_classifier_age_bins_5,fair_model,0.0641747921244434,-0.1677373449519301,-0.2596924482823159,0.1830482085765458,0.5786993402450519,0.7830641292179754,0.7670818898798555,10.0
2,<__main__.NamedDataset object at 0x7f7d7f824b20>,"['workclass', 'relationship', 'occupation', 'education']","['hours-per-week', 'capital-gain', 'capital-loss']","['sex', 'race', 'age_bins', 'marital-status']","('age_bins', ['(38.9, 46.2]', '(46.2, 53.5]', '(53.5, 60.8]'])",income-per-year,"[1, 10, 20]","{'hours-per-week': 5, 'capital-gain': 10, 'capital-loss': 5, 'workclass': 7, 'education': 16, 'relationship': 6, 'occupation': 14}",False,5,<function sufficiency_criteria at 0x7f7d7f851000>,<function fair_classifier at 0x7f7d7f851120>,adult_sufficiency_criteria_fair_classifier_age_bins_5,fair_model,,0.0,0.0,0.0,0.0,0.7547726100095821,0.7547726100095821,20.0
0,<__main__.NamedDataset object at 0x7f7d7f824b20>,"['workclass', 'relationship', 'occupation', 'education']","['hours-per-week', 'capital-gain', 'capital-loss']","['sex', 'race', 'age_bins', 'marital-status']","('age_bins', ['(38.9, 46.2]', '(46.2, 53.5]', '(53.5, 60.8]'])",income-per-year,"[1, 10, 20]","{'hours-per-week': 5, 'capital-gain': 10, 'capital-loss': 5, 'workclass': 7, 'education': 16, 'relationship': 6, 'occupation': 14}",False,5,<function sufficiency_criteria at 0x7f7d7f851000>,<function fair_classifier_lfr at 0x7f7d7f850430>,adult_sufficiency_criteria_fair_classifier_lfr_age_bins_5,lfr_model,model_failed,model_failed,model_failed,model_failed,model_failed,model_failed,model_failed,
0,<__main__.NamedDataset object at 0x7f7d7f824b20>,"['workclass', 'relationship', 'occupation', 'education']","['hours-per-week', 'capital-gain', 'capital-loss']","['sex', 'race', 'age_bins', 'marital-status']","('marital-status', ['Married-civ-spouse'])",income-per-year,"[1, 10, 20]","{'hours-per-week': 5, 'capital-gain': 10, 'capital-loss': 5, 'workclass': 7, 'education': 16, 'relationship': 6, 'occupation': 14}",False,5,<function sufficiency_criteria at 0x7f7d7f851000>,<function fair_classifier_lfr at 0x7f7d7f850430>,adult_sufficiency_criteria_fair_classifier_lfr_marital-status_5,lfr_model,1.5180316586373024,0.000328804607196,-0.3,0.000164402303598,1.0,0.9997786957804662,0.9997788752119112,
0,<__main__.NamedDataset object at 0x7f7d7f824b20>,"['workclass', 'relationship', 'occupation', 'education']","['hours-per-week', 'capital-gain', 'capital-loss']","['sex', 'race', 'age_bins', 'marital-status']","('race', ['White'])",income-per-year,"[1, 10, 20]","{'hours-per-week': 5, 'capital-gain': 10, 'capital-loss': 5, 'workclass': 7, 'education': 16, 'relationship': 6, 'occupation': 14}",False,5,<function sufficiency_criteria at 0x7f7d7f851000>,<function fair_classifier_lfr at 0x7f7d7f850430>,adult_sufficiency_criteria_fair_classifier_lfr_race_5,lfr_model,model_failed,model_failed,model_failed,model_failed,model_failed,model_failed,model_failed,
0,<__main__.NamedDataset object at 0x7f7d7f824b20>,"['workclass', 'relationship', 'occupation', 'education']","['hours-per-week', 'capital-gain', 'capital-loss']","['sex', 'race', 'age_bins', 'marital-status']","('sex', [1])",income-per-year,"[1, 10, 20]","{'hours-per-week': 5, 'capital-gain': 10, 'capital-loss': 5, 'workclass': 7, 'education': 16, 'relationship': 6, 'occupation': 14}",False,5,<function sufficiency_criteria at 0x7f7d7f851000>,<function fair_classifier_lfr at 0x7f7d7f850430>,adult_sufficiency_criteria_fair_classifier_lfr_sex_5,lfr_model,1.5477570229655473,0.0158380372161342,-0.0456197746274081,0.0079190186080671,0.9090909090909092,0.9976344906524228,0.9946192968231738,
0,<__main__.NamedDataset object at 0x7f7d7f824b20>,"['workclass', 'relationship', 'occupation', 'education']","['hours-per-week', 'capital-gain', 'capital-loss']","['sex', 'race', 'age_bins', 'marital-status']","('marital-status', ['Married-civ-spouse'])",income-per-year,"[1, 10, 20]","{'hours-per-week': 5, 'capital-gain': 10, 'capital-loss': 5, 'workclass': 7, 'education': 16, 'relationship': 6, 'occupation': 14}",False,5,<function sufficiency_criteria at 0x7f7d7f851000>,<function fair_classifier at 0x7f7d7f851120>,adult_sufficiency_criteria_fair_classifier_marital-status_5,fair_model,0.0303836455684814,-0.0884246132014253,-0.0995216566991769,0.0875368816432653,0.5191986644407346,0.7642658852560148,0.7534458612810496,1.0
1,<__main__.NamedDataset object at 0x7f7d7f824b20>,"['workclass', 'relationship', 'occupation', 'education']","['hours-per-week', 'capital-gain', 'capital-loss']","['sex', 'race', 'age_bins', 'marital-status']","('marital-status', ['Married-civ-spouse'])",income-per-year,"[1, 10, 20]","{'hours-per-week': 5, 'capital-gain': 10, 'capital-loss': 5, 'workclass': 7, 'education': 16, 'relationship': 6, 'occupation': 14}",False,5,<function sufficiency_criteria at 0x7f7d7f851000>,<function fair_classifier at 0x7f7d7f851120>,adult_sufficiency_criteria_fair_classifier_marital-status_5,fair_model,0.0085955036404645,-0.095876887819303,-0.1024016118403195,0.0953153063495961,0.4935483870967742,0.7634973352900286,0.7511609051374659,10.0
2,<__main__.NamedDataset object at 0x7f7d7f824b20>,"['workclass', 'relationship', 'occupation', 'education']","['hours-per-week', 'capital-gain', 'capital-loss']","['sex', 'race', 'age_bins', 'marital-status']","('marital-status', ['Married-civ-spouse'])",income-per-year,"[1, 10, 20]","{'hours-per-week': 5, 'capital-gain': 10, 'capital-loss': 5, 'workclass': 7, 'education': 16, 'relationship': 6, 'occupation': 14}",False,5,<function sufficiency_criteria at 0x7f7d7f851000>,<function fair_classifier at 0x7f7d7f851120>,adult_sufficiency_criteria_fair_classifier_marital-status_5,fair_model,1.5562269539825648,0.0637790553629401,0.0499838170022491,0.0611976254079353,0.2212301587301587,0.7470348887542204,0.6689024839684529,20.0
0,<__main__.NamedDataset object at 0x7f7d7f824b20>,"['workclass', 'relationship', 'occupation', 'education']","['hours-per-week', 'capital-gain', 'capital-loss']","['sex', 'race', 'age_bins', 'marital-status']","('race', ['White'])",income-per-year,"[1, 10, 20]","{'hours-per-week': 5, 'capital-gain': 10, 'capital-loss': 5, 'workclass': 7, 'education': 16, 'relationship': 6, 'occupation': 14}",False,5,<function sufficiency_criteria at 0x7f7d7f851000>,<function fair_classifier at 0x7f7d7f851120>,adult_sufficiency_criteria_fair_classifier_race_5,fair_model,0.2867755248166682,-0.0326555662992282,-0.0571600291019517,0.0391561638525136,0.5008944543828264,0.7645295202952029,0.7536669860691384,1.0
1,<__main__.NamedDataset object at 0x7f7d7f824b20>,"['workclass', 'relationship', 'occupation', 'education']","['hours-per-week', 'capital-gain', 'capital-loss']","['sex', 'race', 'age_bins', 'marital-status']","('race', ['White'])",income-per-year,"[1, 10, 20]","{'hours-per-week': 5, 'capital-gain': 10, 'capital-loss': 5, 'workclass': 7, 'education': 16, 'relationship': 6, 'occupation': 14}",False,5,<function sufficiency_criteria at 0x7f7d7f851000>,<function fair_classifier at 0x7f7d7f851120>,adult_sufficiency_criteria_fair_classifier_race_5,fair_model,0.2867755248166682,-0.0326555662992282,-0.0571600291019517,0.0391561638525136,0.5008944543828264,0.7645295202952029,0.7536669860691384,10.0
2,<__main__.NamedDataset object at 0x7f7d7f824b20>,"['workclass', 'relationship', 'occupation', 'education']","['hours-per-week', 'capital-gain', 'capital-loss']","['sex', 'race', 'age_bins', 'marital-status']","('race', ['White'])",income-per-year,"[1, 10, 20]","{'hours-per-week': 5, 'capital-gain': 10, 'capital-loss': 5, 'workclass': 7, 'education': 16, 'relationship': 6, 'occupation': 14}",False,5,<function sufficiency_criteria at 0x7f7d7f851000>,<function fair_classifier at 0x7f7d7f851120>,adult_sufficiency_criteria_fair_classifier_race_5,fair_model,0.2867755248166682,-0.0326555662992282,-0.0571600291019517,0.0391561638525136,0.5008944543828264,0.7645295202952029,0.7536669860691384,20.0
0,<__main__.NamedDataset object at 0x7f7d7f824b20>,"['workclass', 'relationship', 'occupation', 'education']","['hours-per-week', 'capital-gain', 'capital-loss']","['sex', 'race', 'age_bins', 'marital-status']","('sex', [1])",income-per-year,"[1, 10, 20]","{'hours-per-week': 5, 'capital-gain': 10, 'capital-loss': 5, 'workclass': 7, 'education': 16, 'relationship': 6, 'occupation': 14}",False,5,<function sufficiency_criteria at 0x7f7d7f851000>,<function fair_classifier at 0x7f7d7f851120>,adult_sufficiency_criteria_fair_classifier_sex_5,fair_model,0.3875533355063973,-0.0520934696746644,-0.0248855164254607,0.0306180522651556,0.5064655172413793,0.7741118759395522,0.7558045256873296,1.0
1,<__main__.NamedDataset object at 0x7f7d7f824b20>,"['workclass', 'relationship', 'occupation', 'education']","['hours-per-week', 'capital-gain', 'capital-loss']","['sex', 'race', 'age_bins', 'marital-status']","('sex', [1])",income-per-year,"[1, 10, 20]","{'hours-per-week': 5, 'capital-gain': 10, 'capital-loss': 5, 'workclass': 7, 'education': 16, 'relationship': 6, 'occupation': 14}",False,5,<function sufficiency_criteria at 0x7f7d7f851000>,<function fair_classifier at 0x7f7d7f851120>,adult_sufficiency_criteria_fair_classifier_sex_5,fair_model,7.415530663084579,0.1689212212731122,0.5833868779895767,0.3526736401451064,0.3862385321100917,0.7672517432075018,0.7366403773863051,10.0
2,<__main__.NamedDataset object at 0x7f7d7f824b20>,"['workclass', 'relationship', 'occupation', 'education']","['hours-per-week', 'capital-gain', 'capital-loss']","['sex', 'race', 'age_bins', 'marital-status']","('sex', [1])",income-per-year,"[1, 10, 20]","{'hours-per-week': 5, 'capital-gain': 10, 'capital-loss': 5, 'workclass': 7, 'education': 16, 'relationship': 6, 'occupation': 14}",False,5,<function sufficiency_criteria at 0x7f7d7f851000>,<function fair_classifier at 0x7f7d7f851120>,adult_sufficiency_criteria_fair_classifier_sex_5,fair_model,7.415530663084579,0.1689212212731122,0.5833868779895767,0.3526736401451064,0.3862385321100917,0.7672517432075018,0.7366403773863051,20.0
0,<__main__.NamedDataset object at 0x7f7d7f824b20>,"['workclass', 'relationship', 'occupation', 'education']","['hours-per-week', 'capital-gain', 'capital-loss']","['sex', 'race', 'age_bins', 'marital-status']","('age_bins', ['(38.9, 46.2]', '(46.2, 53.5]', '(53.5, 60.8]'])",income-per-year,"[1, 10, 20]","{'hours-per-week': 5, 'capital-gain': 10, 'capital-loss': 5, 'workclass': 7, 'education': 16, 'relationship': 6, 'occupation': 14}",False,5,<function xy_greater_xa at 0x7f7d7f850790>,<function base_classifier at 0x7f7d7f851090>,adult_xy_greater_xa_base_classifier_age_bins_5,base_model,0.4924663564331531,-0.0650684158419034,-0.0312668463611859,0.0325342079209517,0.734860883797054,0.7953017415957877,0.7898577430529963,
0,<__main__.NamedDataset object at 0x7f7d7f824b20>,"['workclass', 'relationship', 'occupation', 'education']","['hours-per-week', 'capital-gain', 'capital-loss']","['sex', 'race', 'age_bins', 'marital-status']","('marital-status', ['Married-civ-spouse'])",income-per-year,"[1, 10, 20]","{'hours-per-week': 5, 'capital-gain': 10, 'capital-loss': 5, 'workclass': 7, 'education': 16, 'relationship': 6, 'occupation': 14}",False,5,<function xy_greater_xa at 0x7f7d7f850790>,<function base_classifier at 0x7f7d7f851090>,adult_xy_greater_xa_base_classifier_marital-status_5,base_model,0.3527582107106787,-0.055172395004092,0.1061250968735854,0.027586197502046,0.7992125984251969,0.780085903943772,0.7811601680548389,
0,<__main__.NamedDataset object at 0x7f7d7f824b20>,"['workclass', 'relationship', 'occupation', 'education']","['hours-per-week', 'capital-gain', 'capital-loss']","['sex', 'race', 'age_bins', 'marital-status']","('race', ['White'])",income-per-year,"[1, 10, 20]","{'hours-per-week': 5, 'capital-gain': 10, 'capital-loss': 5, 'workclass': 7, 'education': 16, 'relationship': 6, 'occupation': 14}",False,5,<function xy_greater_xa at 0x7f7d7f850790>,<function base_classifier at 0x7f7d7f851090>,adult_xy_greater_xa_base_classifier_race_5,base_model,0.6143897616305891,-0.0406355405085337,0.0053569221806369,0.0203177702542668,0.7047970479704797,0.7977399279397315,0.7884572860617676,
0,<__main__.NamedDataset object at 0x7f7d7f824b20>,"['workclass', 'relationship', 'occupation', 'education']","['hours-per-week', 'capital-gain', 'capital-loss']","['sex', 'race', 'age_bins', 'marital-status']","('sex', [1])",income-per-year,"[1, 10, 20]","{'hours-per-week': 5, 'capital-gain': 10, 'capital-loss': 5, 'workclass': 7, 'education': 16, 'relationship': 6, 'occupation': 14}",False,5,<function xy_greater_xa at 0x7f7d7f850790>,<function base_classifier at 0x7f7d7f851090>,adult_xy_greater_xa_base_classifier_sex_5,base_model,0.4398873756062279,-0.0648039049407243,-0.0119756649372037,0.0324019524703621,0.7078477078477079,0.7952768729641694,0.7869831208078426,
0,<__main__.NamedDataset object at 0x7f7d7f824b20>,"['workclass', 'relationship', 'occupation', 'education']","['hours-per-week', 'capital-gain', 'capital-loss']","['sex', 'race', 'age_bins', 'marital-status']","('age_bins', ['(38.9, 46.2]', '(46.2, 53.5]', '(53.5, 60.8]'])",income-per-year,"[1, 10, 20]","{'hours-per-week': 5, 'capital-gain': 10, 'capital-loss': 5, 'workclass': 7, 'education': 16, 'relationship': 6, 'occupation': 14}",False,5,<function xy_greater_xa at 0x7f7d7f850790>,<function fair_classifier_adversarial at 0x7f7d7f8511b0>,adult_xy_greater_xa_fair_classifier_adversarial_age_bins_5,fair_model_adversarial,0.5008811671527904,-0.0553463889059098,-0.0039887393974846,0.0022464653551302,0.8505203405865658,0.8004796163069544,0.8043782708041571,
0,<__main__.NamedDataset object at 0x7f7d7f824b20>,"['workclass', 'relationship', 'occupation', 'education']","['hours-per-week', 'capital-gain', 'capital-loss']","['sex', 'race', 'age_bins', 'marital-status']","('marital-status', ['Married-civ-spouse'])",income-per-year,"[1, 10, 20]","{'hours-per-week': 5, 'capital-gain': 10, 'capital-loss': 5, 'workclass': 7, 'education': 16, 'relationship': 6, 'occupation': 14}",False,5,<function xy_greater_xa at 0x7f7d7f850790>,<function fair_classifier_adversarial at 0x7f7d7f8511b0>,adult_xy_greater_xa_fair_classifier_adversarial_marital-status_5,fair_model_adversarial,2.829014196438247,0.0165956397957625,0.2471808242282296,0.1279909109144159,0.7418032786885246,0.761089844629588,0.7607429792879782,
0,<__main__.NamedDataset object at 0x7f7d7f824b20>,"['workclass', 'relationship', 'occupation', 'education']","['hours-per-week', 'capital-gain', 'capital-loss']","['sex', 'race', 'age_bins', 'marital-status']","('race', ['White'])",income-per-year,"[1, 10, 20]","{'hours-per-week': 5, 'capital-gain': 10, 'capital-loss': 5, 'workclass': 7, 'education': 16, 'relationship': 6, 'occupation': 14}",False,5,<function xy_greater_xa at 0x7f7d7f850790>,<function fair_classifier_adversarial at 0x7f7d7f8511b0>,adult_xy_greater_xa_fair_classifier_adversarial_race_5,fair_model_adversarial,0.9655054977133406,-0.0047087733280201,0.1285098542427533,0.0722523522508865,0.7455236028214867,0.8300068236096895,0.8185302572418368,
0,<__main__.NamedDataset object at 0x7f7d7f824b20>,"['workclass', 'relationship', 'occupation', 'education']","['hours-per-week', 'capital-gain', 'capital-loss']","['sex', 'race', 'age_bins', 'marital-status']","('sex', [1])",income-per-year,"[1, 10, 20]","{'hours-per-week': 5, 'capital-gain': 10, 'capital-loss': 5, 'workclass': 7, 'education': 16, 'relationship': 6, 'occupation': 14}",False,5,<function xy_greater_xa at 0x7f7d7f850790>,<function fair_classifier_adversarial at 0x7f7d7f8511b0>,adult_xy_greater_xa_fair_classifier_adversarial_sex_5,fair_model_adversarial,0.5266320154994695,-0.0396495378008951,0.0384598809938176,0.0196544125611886,0.8607068607068608,0.7961126537088457,0.8006928576693447,
0,<__main__.NamedDataset object at 0x7f7d7f824b20>,"['workclass', 'relationship', 'occupation', 'education']","['hours-per-week', 'capital-gain', 'capital-loss']","['sex', 'race', 'age_bins', 'marital-status']","('age_bins', ['(38.9, 46.2]', '(46.2, 53.5]', '(53.5, 60.8]'])",income-per-year,"[1, 10, 20]","{'hours-per-week': 5, 'capital-gain': 10, 'capital-loss': 5, 'workclass': 7, 'education': 16, 'relationship': 6, 'occupation': 14}",False,5,<function xy_greater_xa at 0x7f7d7f850790>,<function fair_classifier at 0x7f7d7f851120>,adult_xy_greater_xa_fair_classifier_age_bins_5,fair_model,0.242891359031825,-0.1161568444752497,-0.0875755091441365,0.0735517612675459,0.7642919964819701,0.7992759452936444,0.7963440701702661,1.0
1,<__main__.NamedDataset object at 0x7f7d7f824b20>,"['workclass', 'relationship', 'occupation', 'education']","['hours-per-week', 'capital-gain', 'capital-loss']","['sex', 'race', 'age_bins', 'marital-status']","('age_bins', ['(38.9, 46.2]', '(46.2, 53.5]', '(53.5, 60.8]'])",income-per-year,"[1, 10, 20]","{'hours-per-week': 5, 'capital-gain': 10, 'capital-loss': 5, 'workclass': 7, 'education': 16, 'relationship': 6, 'occupation': 14}",False,5,<function xy_greater_xa at 0x7f7d7f850790>,<function fair_classifier at 0x7f7d7f851120>,adult_xy_greater_xa_fair_classifier_age_bins_5,fair_model,0.2442635298937198,-0.1171975431014705,-0.0878850192575683,0.0742390217672867,0.7602085143353605,0.7995328608247423,0.7961966536448736,10.0
2,<__main__.NamedDataset object at 0x7f7d7f824b20>,"['workclass', 'relationship', 'occupation', 'education']","['hours-per-week', 'capital-gain', 'capital-loss']","['sex', 'race', 'age_bins', 'marital-status']","('age_bins', ['(38.9, 46.2]', '(46.2, 53.5]', '(53.5, 60.8]'])",income-per-year,"[1, 10, 20]","{'hours-per-week': 5, 'capital-gain': 10, 'capital-loss': 5, 'workclass': 7, 'education': 16, 'relationship': 6, 'occupation': 14}",False,5,<function xy_greater_xa at 0x7f7d7f850790>,<function fair_classifier at 0x7f7d7f851120>,adult_xy_greater_xa_fair_classifier_age_bins_5,fair_model,0.3269024864896148,-0.0673592802335631,-0.0388857937877545,0.0267879984336536,0.8901234567901235,0.7928196284392882,0.7986290263138498,20.0
0,<__main__.NamedDataset object at 0x7f7d7f824b20>,"['workclass', 'relationship', 'occupation', 'education']","['hours-per-week', 'capital-gain', 'capital-loss']","['sex', 'race', 'age_bins', 'marital-status']","('age_bins', ['(38.9, 46.2]', '(46.2, 53.5]', '(53.5, 60.8]'])",income-per-year,"[1, 10, 20]","{'hours-per-week': 5, 'capital-gain': 10, 'capital-loss': 5, 'workclass': 7, 'education': 16, 'relationship': 6, 'occupation': 14}",False,5,<function xy_greater_xa at 0x7f7d7f850790>,<function fair_classifier_lfr at 0x7f7d7f850430>,adult_xy_greater_xa_fair_classifier_lfr_age_bins_5,lfr_model,0.5358276923076923,-0.0562943261809854,0.0,0.0281471630904927,1.0,1.0,1.0,
0,<__main__.NamedDataset object at 0x7f7d7f824b20>,"['workclass', 'relationship', 'occupation', 'education']","['hours-per-week', 'capital-gain', 'capital-loss']","['sex', 'race', 'age_bins', 'marital-status']","('marital-status', ['Married-civ-spouse'])",income-per-year,"[1, 10, 20]","{'hours-per-week': 5, 'capital-gain': 10, 'capital-loss': 5, 'workclass': 7, 'education': 16, 'relationship': 6, 'occupation': 14}",False,5,<function xy_greater_xa at 0x7f7d7f850790>,<function fair_classifier_lfr at 0x7f7d7f850430>,adult_xy_greater_xa_fair_classifier_lfr_marital-status_5,lfr_model,0.2891560199972226,-0.0535980380774949,0.0,0.0267990190387474,1.0,1.0,1.0,
0,<__main__.NamedDataset object at 0x7f7d7f824b20>,"['workclass', 'relationship', 'occupation', 'education']","['hours-per-week', 'capital-gain', 'capital-loss']","['sex', 'race', 'age_bins', 'marital-status']","('race', ['White'])",income-per-year,"[1, 10, 20]","{'hours-per-week': 5, 'capital-gain': 10, 'capital-loss': 5, 'workclass': 7, 'education': 16, 'relationship': 6, 'occupation': 14}",False,5,<function xy_greater_xa at 0x7f7d7f850790>,<function fair_classifier_lfr at 0x7f7d7f850430>,adult_xy_greater_xa_fair_classifier_lfr_race_5,lfr_model,0.593833871241719,-0.0353778958800013,-0.0129526651295266,0.0176889479400006,1.0,0.9992772825825104,0.9993366256357338,
0,<__main__.NamedDataset object at 0x7f7d7f824b20>,"['workclass', 'relationship', 'occupation', 'education']","['hours-per-week', 'capital-gain', 'capital-loss']","['sex', 'race', 'age_bins', 'marital-status']","('sex', [1])",income-per-year,"[1, 10, 20]","{'hours-per-week': 5, 'capital-gain': 10, 'capital-loss': 5, 'workclass': 7, 'education': 16, 'relationship': 6, 'occupation': 14}",False,5,<function xy_greater_xa at 0x7f7d7f850790>,<function fair_classifier_lfr at 0x7f7d7f850430>,adult_xy_greater_xa_fair_classifier_lfr_sex_5,lfr_model,0.4459103202398737,-0.0318023205990276,0.0,0.0159011602995138,1.0,1.0,1.0,
0,<__main__.NamedDataset object at 0x7f7d7f824b20>,"['workclass', 'relationship', 'occupation', 'education']","['hours-per-week', 'capital-gain', 'capital-loss']","['sex', 'race', 'age_bins', 'marital-status']","('marital-status', ['Married-civ-spouse'])",income-per-year,"[1, 10, 20]","{'hours-per-week': 5, 'capital-gain': 10, 'capital-loss': 5, 'workclass': 7, 'education': 16, 'relationship': 6, 'occupation': 14}",False,5,<function xy_greater_xa at 0x7f7d7f850790>,<function fair_classifier at 0x7f7d7f851120>,adult_xy_greater_xa_fair_classifier_marital-status_5,fair_model,0.1567363785395195,-0.0940349021100158,0.0651015228426396,0.0526783777880732,0.8323353293413174,0.7847942192899781,0.7877202034348051,1.0
1,<__main__.NamedDataset object at 0x7f7d7f824b20>,"['workclass', 'relationship', 'occupation', 'education']","['hours-per-week', 'capital-gain', 'capital-loss']","['sex', 'race', 'age_bins', 'marital-status']","('marital-status', ['Married-civ-spouse'])",income-per-year,"[1, 10, 20]","{'hours-per-week': 5, 'capital-gain': 10, 'capital-loss': 5, 'workclass': 7, 'education': 16, 'relationship': 6, 'occupation': 14}",False,5,<function xy_greater_xa at 0x7f7d7f850790>,<function fair_classifier at 0x7f7d7f851120>,adult_xy_greater_xa_fair_classifier_marital-status_5,fair_model,0.2678323874298232,-0.0375411515724878,0.0962140439932318,0.0490612210116117,0.9811764705882352,0.770354588342718,0.7769587970811528,10.0
2,<__main__.NamedDataset object at 0x7f7d7f824b20>,"['workclass', 'relationship', 'occupation', 'education']","['hours-per-week', 'capital-gain', 'capital-loss']","['sex', 'race', 'age_bins', 'marital-status']","('marital-status', ['Married-civ-spouse'])",income-per-year,"[1, 10, 20]","{'hours-per-week': 5, 'capital-gain': 10, 'capital-loss': 5, 'workclass': 7, 'education': 16, 'relationship': 6, 'occupation': 14}",False,5,<function xy_greater_xa at 0x7f7d7f850790>,<function fair_classifier at 0x7f7d7f851120>,adult_xy_greater_xa_fair_classifier_marital-status_5,fair_model,0.345938505986291,-0.0238663520936112,0.1110194585448392,0.0563169991072803,0.978328173374613,0.7644971307762005,0.769587970811528,20.0
0,<__main__.NamedDataset object at 0x7f7d7f824b20>,"['workclass', 'relationship', 'occupation', 'education']","['hours-per-week', 'capital-gain', 'capital-loss']","['sex', 'race', 'age_bins', 'marital-status']","('race', ['White'])",income-per-year,"[1, 10, 20]","{'hours-per-week': 5, 'capital-gain': 10, 'capital-loss': 5, 'workclass': 7, 'education': 16, 'relationship': 6, 'occupation': 14}",False,5,<function xy_greater_xa at 0x7f7d7f850790>,<function fair_classifier at 0x7f7d7f851120>,adult_xy_greater_xa_fair_classifier_race_5,fair_model,0.475943172130134,-0.0545611864491762,-0.0362106253137583,0.0333070160258661,0.7295645530939648,0.8069831946483929,0.7995135254662048,1.0
1,<__main__.NamedDataset object at 0x7f7d7f824b20>,"['workclass', 'relationship', 'occupation', 'education']","['hours-per-week', 'capital-gain', 'capital-loss']","['sex', 'race', 'age_bins', 'marital-status']","('race', ['White'])",income-per-year,"[1, 10, 20]","{'hours-per-week': 5, 'capital-gain': 10, 'capital-loss': 5, 'workclass': 7, 'education': 16, 'relationship': 6, 'occupation': 14}",False,5,<function xy_greater_xa at 0x7f7d7f850790>,<function fair_classifier at 0x7f7d7f851120>,adult_xy_greater_xa_fair_classifier_race_5,fair_model,0.475943172130134,-0.0545611864491762,-0.0362106253137583,0.0333070160258661,0.7295645530939648,0.8069831946483929,0.7995135254662048,10.0
2,<__main__.NamedDataset object at 0x7f7d7f824b20>,"['workclass', 'relationship', 'occupation', 'education']","['hours-per-week', 'capital-gain', 'capital-loss']","['sex', 'race', 'age_bins', 'marital-status']","('race', ['White'])",income-per-year,"[1, 10, 20]","{'hours-per-week': 5, 'capital-gain': 10, 'capital-loss': 5, 'workclass': 7, 'education': 16, 'relationship': 6, 'occupation': 14}",False,5,<function xy_greater_xa at 0x7f7d7f850790>,<function fair_classifier at 0x7f7d7f851120>,adult_xy_greater_xa_fair_classifier_race_5,fair_model,0.475943172130134,-0.0545611864491762,-0.0362106253137583,0.0333070160258661,0.7295645530939648,0.8069831946483929,0.7995135254662048,20.0
0,<__main__.NamedDataset object at 0x7f7d7f824b20>,"['workclass', 'relationship', 'occupation', 'education']","['hours-per-week', 'capital-gain', 'capital-loss']","['sex', 'race', 'age_bins', 'marital-status']","('sex', [1])",income-per-year,"[1, 10, 20]","{'hours-per-week': 5, 'capital-gain': 10, 'capital-loss': 5, 'workclass': 7, 'education': 16, 'relationship': 6, 'occupation': 14}",False,5,<function xy_greater_xa at 0x7f7d7f850790>,<function fair_classifier at 0x7f7d7f851120>,adult_xy_greater_xa_fair_classifier_sex_5,fair_model,0.2091391501219087,-0.1125857324196475,-0.0817819632072514,0.070032029288061,0.713091922005571,0.80133542164702,0.7919952826711875,1.0
1,<__main__.NamedDataset object at 0x7f7d7f824b20>,"['workclass', 'relationship', 'occupation', 'education']","['hours-per-week', 'capital-gain', 'capital-loss']","['sex', 'race', 'age_bins', 'marital-status']","('sex', [1])",income-per-year,"[1, 10, 20]","{'hours-per-week': 5, 'capital-gain': 10, 'capital-loss': 5, 'workclass': 7, 'education': 16, 'relationship': 6, 'occupation': 14}",False,5,<function xy_greater_xa at 0x7f7d7f850790>,<function fair_classifier at 0x7f7d7f851120>,adult_xy_greater_xa_fair_classifier_sex_5,fair_model,0.3989506769825919,-0.0400612126501185,-0.0331215013290537,0.0178538660182587,0.8832417582417582,0.782615468494431,0.78801503648559,10.0
2,<__main__.NamedDataset object at 0x7f7d7f824b20>,"['workclass', 'relationship', 'occupation', 'education']","['hours-per-week', 'capital-gain', 'capital-loss']","['sex', 'race', 'age_bins', 'marital-status']","('sex', [1])",income-per-year,"[1, 10, 20]","{'hours-per-week': 5, 'capital-gain': 10, 'capital-loss': 5, 'workclass': 7, 'education': 16, 'relationship': 6, 'occupation': 14}",False,5,<function xy_greater_xa at 0x7f7d7f850790>,<function fair_classifier at 0x7f7d7f851120>,adult_xy_greater_xa_fair_classifier_sex_5,fair_model,0.7364431401931402,-0.0156978341283457,-0.0195236997867839,0.0217221907388866,0.7875507442489851,0.7776738384783286,0.778211837546989,20.0
